{
    "__comment": "Model generated using MrCrayfish's Model Creator (http://mrcrayfish.com/modelcreator/)",
    "textures": {
        "0": "lootplusplus:blocks/code",
        "1": "lootplusplus:blocks/code",
        "2": "lootplusplus:blocks/code",
        "3": "lootplusplus:blocks/code",
        "4": "lootplusplus:blocks/code",
        "5": "lootplusplus:blocks/code"
    },
    "elements": [
        {
            "name": "Cube",
            "from": [ 7.0, 0.0, 7.0 ], 
            "to": [ 9.0, 22.0, 9.0 ], 
            "faces": {
                "north": { "texture": "#0", "uv": [ 6.0, 0.0, 9.0, 16.0 ] },
                "east": { "texture": "#0", "uv": [ 0.0, 0.0, 2.0, 16.0 ] },
                "south": { "texture": "#0", "uv": [ 6.0, 0.0, 9.0, 16.0 ], "rotation": 180 },
                "west": { "texture": "#0", "uv": [ 9.0, 0.0, 11.0, 16.0 ] },
                "up": { "texture": "#0", "uv": [ 0.0, 0.0, 2.0, 2.0 ] },
                "down": { "texture": "#0", "uv": [ 0.0, 0.0, 1.0, 1.0 ] }
            }
        },
        {
            "name": "Cube",
            "from": [ 4.0, 22.0, 7.0 ], 
            "to": [ 12.0, 30.0, 9.0 ], 
            "faces": {
                "north": { "texture": "#1", "uv": [ 0.0, 0.0, 16.0, 16.0 ] },
                "east": { "texture": "#2", "uv": [ 0.0, 0.0, 17.0, 16.0 ] },
                "south": { "texture": "#3", "uv": [ 0.0, 0.0, 16.0, 16.0 ] },
                "west": { "texture": "#4", "uv": [ 0.0, 0.0, 16.0, 16.0 ] },
                "up": { "texture": "#5", "uv": [ 0.0, 0.0, 6.0, 12.0 ] },
                "down": { "texture": "#0", "uv": [ 0.0, 0.0, 12.0, 1.0 ], "rotation": 180 }
            }
        }
    ]
}

