{
    "__comment": "Model generated using MrCrayfish's Model Creator (http://mrcrayfish.com/modelcreator/)",
    "textures": {
        "particle": "lootplusplus:blocks/discord",
        "0": "blocks/log_oak",
        "1": "lootplusplus:blocks/discord"
    },
    "elements": [
        {
            "name": "handle",
            "from": [ 7.0, 0.0, 7.0 ], 
            "to": [ 9.0, 29.0, 9.0 ], 
            "faces": {
                "north": { "texture": "#0", "uv": [ 0.0, 0.0, 2.0, 20.0 ] },
                "east": { "texture": "#0", "uv": [ 0.0, 0.0, 2.0, 20.0 ] },
                "south": { "texture": "#0", "uv": [ 4.0, 0.0, 6.0, 20.0 ] },
                "west": { "texture": "#0", "uv": [ 0.0, 0.0, 2.0, 20.0 ] },
                "up": { "texture": "#0", "uv": [ 0.0, 0.0, 2.0, 2.0 ] },
                "down": { "texture": "#0", "uv": [ 0.0, 0.0, 2.0, 2.0 ] }
            }
        },
        {
            "name": "t-handle",
            "from": [ 7.0, 29.0, 4.0 ], 
            "to": [ 9.0, 31.0, 12.0 ], 
            "faces": {
                "north": { "texture": "#1", "uv": [ 3.0, 5.0, 5.0, 7.0 ] },
                "east": { "texture": "#1", "uv": [ 4.0, 12.0, 12.0, 14.0 ] },
                "south": { "texture": "#1", "uv": [ 2.0, 3.0, 4.0, 5.0 ] },
                "west": { "texture": "#1", "uv": [ 5.0, 7.0, 13.0, 9.0 ] },
                "up": { "texture": "#1", "uv": [ 0.0, 0.0, 2.0, 8.0 ] },
                "down": { "texture": "#1", "uv": [ 6.0, 8.0, 8.0, 16.0 ] }
            }
        },
        {
            "name": "pick",
            "from": [ 7.0, 28.0, 2.0 ], 
            "to": [ 9.0, 30.0, 7.0 ], 
            "rotation": { "origin": [ 8.0, 24.400000005960464, 3.6999999955296516 ], "axis": "x", "angle": -22.5 },
            "faces": {
                "north": { "texture": "#1", "uv": [ 0.0, 0.0, 2.0, 2.0 ] },
                "east": { "texture": "#1", "uv": [ 0.0, 0.0, 5.0, 2.0 ] },
                "south": { "texture": "#1", "uv": [ 0.0, 0.0, 2.0, 2.0 ] },
                "west": { "texture": "#1", "uv": [ 0.0, 0.0, 5.0, 2.0 ] },
                "up": { "texture": "#1", "uv": [ 0.0, 0.0, 2.0, 5.0 ] },
                "down": { "texture": "#1", "uv": [ 0.0, 0.0, 2.0, 5.0 ] }
            }
        },
        {
            "name": "pick",
            "from": [ 7.0, 28.0, 9.0 ], 
            "to": [ 9.0, 30.0, 14.0 ], 
            "rotation": { "origin": [ 8.0, 24.50000000745058, 12.49999999254942 ], "axis": "x", "angle": 22.5 },
            "faces": {
                "north": { "texture": "#1", "uv": [ 0.0, 0.0, 2.0, 2.0 ] },
                "east": { "texture": "#1", "uv": [ 0.0, 0.0, 5.0, 2.0 ] },
                "south": { "texture": "#1", "uv": [ 0.0, 0.0, 2.0, 2.0 ] },
                "west": { "texture": "#1", "uv": [ 0.0, 0.0, 5.0, 2.0 ] },
                "up": { "texture": "#1", "uv": [ 0.0, 0.0, 2.0, 5.0 ] },
                "down": { "texture": "#1", "uv": [ 0.0, 0.0, 2.0, 5.0 ] }
            }
        },
        {
            "name": "Cube",
            "from": [ 7.0, 28.0, -1.0 ], 
            "to": [ 9.0, 30.0, 4.0 ], 
            "rotation": { "origin": [ 8.0, 24.400000005960464, 3.6999999955296516 ], "axis": "x", "angle": -45.0 },
            "faces": {
                "north": { "texture": "#1", "uv": [ 0.0, 0.0, 2.0, 2.0 ] },
                "east": { "texture": "#1", "uv": [ 0.0, 0.0, 5.0, 2.0 ] },
                "south": { "texture": "#1", "uv": [ 0.0, 0.0, 2.0, 2.0 ] },
                "west": { "texture": "#1", "uv": [ 0.0, 0.0, 5.0, 2.0 ] },
                "up": { "texture": "#1", "uv": [ 0.0, 0.0, 2.0, 5.0 ] },
                "down": { "texture": "#1", "uv": [ 0.0, 0.0, 2.0, 5.0 ] }
            }
        },
        {
            "name": "Cube",
            "from": [ 7.0, 28.0, 12.0 ], 
            "to": [ 9.0, 30.0, 17.0 ], 
            "rotation": { "origin": [ 8.0, 24.50000000745058, 12.49999999254942 ], "axis": "x", "angle": 45.0 },
            "faces": {
                "north": { "texture": "#1", "uv": [ 0.0, 0.0, 2.0, 2.0 ] },
                "east": { "texture": "#1", "uv": [ 0.0, 0.0, 5.0, 2.0 ] },
                "south": { "texture": "#1", "uv": [ 0.0, 0.0, 2.0, 2.0 ] },
                "west": { "texture": "#1", "uv": [ 0.0, 0.0, 5.0, 2.0 ] },
                "up": { "texture": "#1", "uv": [ 0.0, 0.0, 2.0, 5.0 ] },
                "down": { "texture": "#1", "uv": [ 0.0, 0.0, 2.0, 5.0 ] }
            }
        },
        {
            "name": "Cube",
            "from": [ 7.0, 23.0, 18.0 ], 
            "to": [ 9.0, 25.0, 23.0 ], 
            "faces": {
                "north": { "texture": "#1", "uv": [ 0.0, 0.0, 2.0, 2.0 ] },
                "east": { "texture": "#1", "uv": [ 0.0, 0.0, 5.0, 2.0 ] },
                "south": { "texture": "#1", "uv": [ 0.0, 0.0, 2.0, 2.0 ] },
                "west": { "texture": "#1", "uv": [ 0.0, 0.0, 5.0, 2.0 ] },
                "up": { "texture": "#1", "uv": [ 0.0, 0.0, 2.0, 5.0 ] },
                "down": { "texture": "#1", "uv": [ 0.0, 0.0, 2.0, 5.0 ] }
            }
        },
        {
            "name": "Cube",
            "from": [ 7.0, 23.0, -7.0 ], 
            "to": [ 9.0, 25.0, -2.0 ], 
            "faces": {
                "north": { "texture": "#1", "uv": [ 0.0, 0.0, 2.0, 2.0 ] },
                "east": { "texture": "#1", "uv": [ 0.0, 0.0, 5.0, 2.0 ] },
                "south": { "texture": "#1", "uv": [ 0.0, 0.0, 2.0, 2.0 ] },
                "west": { "texture": "#1", "uv": [ 0.0, 0.0, 5.0, 2.0 ] },
                "up": { "texture": "#1", "uv": [ 0.0, 0.0, 2.0, 5.0 ] },
                "down": { "texture": "#1", "uv": [ 0.0, 0.0, 2.0, 5.0 ] }
            }
        }
    ],
	"display": {
    "thirdperson": {
        "rotation": [ 240, 2, 358 ],
        "translation": [ -0.25, -0.75, -2.50 ],
        "scale": [ 1.00, 1.00, 1.00 ]
    },
    "firstperson": {
        "rotation": [ 0, 298, 0 ],
        "translation": [ 0.00, 0.00, 0.00 ],
        "scale": [ 1.00, 1.70, 1.44 ]
    },
    "gui": {
        "rotation": [ 0, 0, 0 ],
        "translation": [ 0.00, 0.00, 0.00 ],
        "scale": [ 1.00, 1.00, 1.00 ]
    },
    "head": {
        "rotation": [ 0, 0, 0 ],
        "translation": [ 0.00, 0.00, 0.00 ],
        "scale": [ 1.00, 1.00, 1.00 ]
    }
}
}
