{
    "__comment": "Model generated using MrCrayfish's Model Creator (https://mrcrayfish.com/tools?id=mc)",
    "textures": {
        "0": "lootplusplus:blocks/firefox",
        "1": "blocks/anvil_base",
        "2": "blocks/stone",
        "3": "lootplusplus:blocks/sight"
    },
    "display": {
        "gui": {
            "rotation": [ 30, 225, 0 ],
            "translation": [ 0, 3, 0 ],
            "scale": [ 1.0, 1.0, 1.0 ]
        },
        "ground": {
            "rotation": [ 0, 0, 0 ],
            "translation": [ 0, 3, -5 ],
            "scale": [ 1, 1, 1 ]
        },
        "fixed": {
            "rotation": [ 0, 90, 0 ],
            "translation": [ -9.5, 10, 0 ],
            "scale": [ 2, 2, 2 ]
        },
        "thirdperson": {
            "rotation": [ 89, -180, 0 ],
            "translation": [ -1.4, 5.4, -15 ],
            "scale": [ 4, 4, 4 ]
        },
        "firstperson": {
            "rotation": [ 15, -40, 0 ],
            "translation": [ 0, 15, -0.4 ],
            "scale": [ 4, 4, 4 ]
        }
    },
    "elements": [
        {
            "name": "tube",
            "from": [ 6.60, 2.80, 1.00 ], 
            "to": [ 9.40, 5.60, 15.00 ], 
            "faces": {
                "north": { "texture": "#0", "uv": [ 11.00, 0.00, 12.00, 1.00 ] },
                "east": { "texture": "#0", "uv": [ 1.00, 1.00, 3.00, 7.50 ], "rotation": 90 },
                "south": { "texture": "#0", "uv": [ 1.00, 1.00, 2.40, 2.40 ] },
                "west": { "texture": "#0", "uv": [ 1.00, 1.00, 3.00, 7.50 ], "rotation": 270 },
                "up": { "texture": "#0", "uv": [ 1.00, 1.00, 2.40, 7.50 ] },
                "down": { "texture": "#0", "uv": [ 8.00, 1.00, 9.40, 2.00 ] }
            }
        },
        {
            "name": "Cube",
            "from": [ 7.40, 0.00, 8.00 ], 
            "to": [ 8.60, 2.80, 9.50 ], 
            "faces": {
                "north": { "texture": "#1", "uv": [ 0.00, 0.00, 1.20, 2.20 ] },
                "east": { "texture": "#1", "uv": [ 0.00, 0.00, 1.50, 2.80 ] },
                "south": { "texture": "#1", "uv": [ 0.00, 0.00, 1.20, 2.20 ] },
                "west": { "texture": "#1", "uv": [ 0.00, 0.00, 1.50, 2.80 ] },
                "up": { "texture": "#1", "uv": [ 0.00, 0.00, 1.20, 4.00 ] },
                "down": { "texture": "#1", "uv": [ 0.00, 0.00, 1.20, 4.00 ] }
            }
        },
        {
            "name": "Cube",
            "from": [ 7.90, 1.80, 6.80 ], 
            "to": [ 8.10, 2.80, 7.00 ], 
            "faces": {
                "north": { "texture": "#2", "uv": [ 0.00, 0.00, 0.20, 1.00 ] },
                "east": { "texture": "#2", "uv": [ 0.00, 0.00, 0.20, 1.00 ] },
                "south": { "texture": "#2", "uv": [ 0.00, 0.00, 0.20, 1.00 ] },
                "west": { "texture": "#2", "uv": [ 0.00, 0.00, 0.20, 1.00 ] },
                "up": { "texture": "#2", "uv": [ 0.00, 0.00, 0.20, 0.20 ] },
                "down": { "texture": "#2", "uv": [ 0.00, 0.00, 0.20, 0.20 ] }
            }
        },
        {
            "name": "Cube",
            "from": [ 7.90, 1.60, 6.80 ], 
            "to": [ 8.10, 1.80, 8.00 ], 
            "faces": {
                "north": { "texture": "#2", "uv": [ 0.00, 0.00, 0.20, 0.20 ] },
                "east": { "texture": "#2", "uv": [ 0.00, 0.00, 1.70, 0.20 ] },
                "south": { "texture": "#2", "uv": [ 0.00, 0.00, 4.20, -4.80 ] },
                "west": { "texture": "#2", "uv": [ 0.00, 0.00, 1.70, 0.20 ] },
                "up": { "texture": "#2", "uv": [ 0.00, 0.00, 0.20, 1.70 ] },
                "down": { "texture": "#2", "uv": [ 0.00, 0.00, 0.20, 1.70 ] }
            }
        },
        {
            "name": "front_1",
            "from": [ 5.80, 2.00, 0.00 ], 
            "to": [ 10.20, 3.00, 3.00 ], 
            "faces": {
                "north": { "texture": "#1", "uv": [ 0.00, 0.00, 4.40, 1.00 ] },
                "east": { "texture": "#1", "uv": [ 0.00, 0.00, 3.00, 1.00 ] },
                "south": { "texture": "#1", "uv": [ 0.00, 0.00, 4.40, 1.00 ] },
                "west": { "texture": "#1", "uv": [ 0.00, 0.00, 3.00, 1.00 ] },
                "up": { "texture": "#1", "uv": [ 0.00, 0.00, 4.40, 3.00 ] },
                "down": { "texture": "#1", "uv": [ 0.00, 0.00, 4.40, 3.00 ] }
            }
        },
        {
            "name": "front_2",
            "from": [ 5.80, 5.40, 0.00 ], 
            "to": [ 10.20, 6.40, 3.00 ], 
            "faces": {
                "north": { "texture": "#1", "uv": [ 0.00, 0.00, 4.40, 1.00 ] },
                "east": { "texture": "#1", "uv": [ 0.00, 0.00, 3.00, 1.00 ] },
                "south": { "texture": "#1", "uv": [ 0.00, 0.00, 4.40, 1.00 ] },
                "west": { "texture": "#1", "uv": [ 0.00, 0.00, 3.00, 1.00 ] },
                "up": { "texture": "#1", "uv": [ 0.00, 0.00, 4.40, 3.00 ] },
                "down": { "texture": "#1", "uv": [ 0.00, 0.00, 4.40, 3.00 ] }
            }
        },
        {
            "name": "front_3",
            "from": [ 5.80, 3.00, 0.00 ], 
            "to": [ 6.80, 5.40, 3.00 ], 
            "faces": {
                "north": { "texture": "#1", "uv": [ 0.00, 0.00, 1.00, 2.40 ] },
                "east": { "texture": "#1", "uv": [ 0.00, 0.00, 3.00, 2.40 ] },
                "south": { "texture": "#1", "uv": [ 0.00, 0.00, 1.00, 2.40 ] },
                "west": { "texture": "#1", "uv": [ 0.00, 0.00, 3.00, 2.40 ] },
                "up": { "texture": "#1", "uv": [ 0.00, 0.00, 1.00, 3.00 ] },
                "down": { "texture": "#1", "uv": [ 0.00, 0.00, 1.00, 3.00 ] }
            }
        },
        {
            "name": "front_4",
            "from": [ 9.20, 3.00, 0.00 ], 
            "to": [ 10.20, 5.40, 3.00 ], 
            "faces": {
                "north": { "texture": "#1", "uv": [ 0.00, 0.00, 1.00, 2.40 ] },
                "east": { "texture": "#1", "uv": [ 0.00, 0.00, 3.00, 2.40 ] },
                "south": { "texture": "#1", "uv": [ 0.00, 0.00, 1.00, 2.40 ] },
                "west": { "texture": "#1", "uv": [ 0.00, 0.00, 3.00, 2.40 ] },
                "up": { "texture": "#1", "uv": [ 0.00, 0.00, 1.00, 3.00 ] },
                "down": { "texture": "#1", "uv": [ 0.00, 0.00, 1.00, 3.00 ] }
            }
        },
        {
            "name": "back_1",
            "from": [ 5.80, 2.00, 13.00 ], 
            "to": [ 10.20, 3.00, 16.00 ], 
            "faces": {
                "north": { "texture": "#1", "uv": [ 0.00, 0.00, 4.40, 1.00 ] },
                "east": { "texture": "#1", "uv": [ 0.00, 0.00, 3.00, 1.00 ] },
                "south": { "texture": "#1", "uv": [ 0.00, 0.00, 4.40, 1.00 ] },
                "west": { "texture": "#1", "uv": [ 0.00, 0.00, 3.00, 1.00 ] },
                "up": { "texture": "#1", "uv": [ 0.00, 0.00, 4.40, 3.00 ] },
                "down": { "texture": "#1", "uv": [ 0.00, 0.00, 4.40, 3.00 ] }
            }
        },
        {
            "name": "back_2",
            "from": [ 5.80, 5.40, 13.00 ], 
            "to": [ 10.20, 6.40, 16.00 ], 
            "faces": {
                "north": { "texture": "#1", "uv": [ 0.00, 0.00, 4.40, 1.00 ] },
                "east": { "texture": "#1", "uv": [ 0.00, 0.00, 3.00, 1.00 ] },
                "south": { "texture": "#1", "uv": [ 0.00, 0.00, 4.40, 1.00 ] },
                "west": { "texture": "#1", "uv": [ 0.00, 0.00, 3.00, 1.00 ] },
                "up": { "texture": "#1", "uv": [ 0.00, 0.00, 4.40, 3.00 ] },
                "down": { "texture": "#1", "uv": [ 0.00, 0.00, 4.40, 3.00 ] }
            }
        },
        {
            "name": "back_3",
            "from": [ 5.80, 3.00, 13.00 ], 
            "to": [ 6.80, 5.40, 16.00 ], 
            "faces": {
                "north": { "texture": "#1", "uv": [ 0.00, 0.00, 1.00, 2.40 ] },
                "east": { "texture": "#1", "uv": [ 0.00, 0.00, 3.00, 2.40 ] },
                "south": { "texture": "#1", "uv": [ 0.00, 0.00, 1.00, 2.40 ] },
                "west": { "texture": "#1", "uv": [ 0.00, 0.00, 3.00, 2.40 ] },
                "up": { "texture": "#1", "uv": [ 0.00, 0.00, 1.00, 3.00 ] },
                "down": { "texture": "#1", "uv": [ 0.00, 0.00, 1.00, 3.00 ] }
            }
        },
        {
            "name": "back_4",
            "from": [ 9.20, 3.00, 13.00 ], 
            "to": [ 10.20, 5.40, 16.00 ], 
            "faces": {
                "north": { "texture": "#1", "uv": [ 0.00, 0.00, 1.00, 2.40 ] },
                "east": { "texture": "#1", "uv": [ 0.00, 0.00, 3.00, 2.40 ] },
                "south": { "texture": "#1", "uv": [ 0.00, 0.00, 1.00, 2.40 ] },
                "west": { "texture": "#1", "uv": [ 0.00, 0.00, 3.00, 2.40 ] },
                "up": { "texture": "#1", "uv": [ 0.00, 0.00, 1.00, 3.00 ] },
                "down": { "texture": "#1", "uv": [ 0.00, 0.00, 1.00, 3.00 ] }
            }
        },
        {
            "name": "sight_1",
            "from": [ 5.00, 4.10, 1.40 ], 
            "to": [ 5.80, 4.30, 1.60 ], 
            "faces": {
                "north": { "texture": "#1", "uv": [ 0.00, 0.00, 0.80, 0.20 ] },
                "east": { "texture": "#1", "uv": [ 0.00, 0.00, 0.20, 0.20 ] },
                "south": { "texture": "#1", "uv": [ 0.00, 0.00, 0.80, 0.20 ] },
                "west": { "texture": "#1", "uv": [ 0.00, 0.00, 0.20, 0.20 ] },
                "up": { "texture": "#1", "uv": [ 0.00, 0.00, 0.80, 0.20 ] },
                "down": { "texture": "#1", "uv": [ 0.00, 0.00, 0.80, 0.20 ] }
            }
        },
        {
            "name": "sight_2",
            "from": [ 3.80, 3.60, 1.40 ], 
            "to": [ 5.00, 4.80, 1.50 ], 
            "faces": {
                "north": { "texture": "#3", "uv": [ 0.00, 0.00, 16.00, 16.00 ] },
                "south": { "texture": "#3", "uv": [ 0.00, 0.00, 16.00, 16.00 ] }
            }
        }
    ]
}
