{
    "__comment": "Model generated using MrCrayfish's Model Creator (http://mrcrayfish.com/modelcreator/)",
    "textures": {
        "0": "lootplusplus:blocks/firefox_staff",
        "1": "lootplusplus:blocks/firefox_ornge",
        "2": "lootplusplus:blocks/firefox_staff",
        "3": "lootplusplus:blocks/firefox_ornge",
        "4": "lootplusplus:blocks/firefox_ornge",
        "5": "lootplusplus:blocks/firefox_ornge"

    },
    "elements": [
        {
            "name": "Cube",
            "from": [ 0.0, 0.0, 6.0 ], 
            "to": [ 16.0, 16.0, 10.0 ], 
            "faces": {
                "north": { "texture": "#0", "uv": [ 0.0, 0.0, 16.0, 16.0 ] },
                "east": { "texture": "#1", "uv": [ 0.0, 0.0, 4.0, 16.0 ] },
                "south": { "texture": "#2", "uv": [ 0.0, 0.0, 16.0, 16.0 ] },
                "west": { "texture": "#3", "uv": [ 0.0, 0.0, 4.0, 16.0 ] },
                "up": { "texture": "#4", "uv": [ 0.0, 0.0, 16.0, 4.0 ] },
                "down": { "texture": "#5", "uv": [ 0.0, 0.0, 16.0, 4.0 ] }
            }
        }
    ]
}
