{
    "__comment": "Model generated using MrCrayfish's Model Creator (http://mrcrayfish.com/modelcreator/)",
    "textures": {
        "particle": "blocks/blocks/code",
        "0": "blocks/iron_block",
        "1": "lootplusplus:blocks/paper",
        "2": "blocks/iron_block"
    },
    "elements": [
        {
            "name": "handle",
            "from": [ 7.0, 0.0, 7.0 ], 
            "to": [ 9.0, 29.0, 9.0 ], 
            "faces": {
                "north": { "texture": "#0", "uv": [ 0.0, 0.0, 2.0, 20.0 ] },
                "east": { "texture": "#0", "uv": [ 0.0, 0.0, 2.0, 20.0 ] },
                "south": { "texture": "#0", "uv": [ 4.0, 0.0, 6.0, 20.0 ] },
                "west": { "texture": "#0", "uv": [ 0.0, 0.0, 2.0, 20.0 ] },
                "up": { "texture": "#0", "uv": [ 0.0, 0.0, 2.0, 2.0 ] },
                "down": { "texture": "#0", "uv": [ 0.0, 0.0, 2.0, 2.0 ] }
            }
        },
        {
            "name": "side 1",
            "from": [ 7.0, 29.0, 3.0 ], 
            "to": [ 9.0, 31.0, 13.0 ], 
            "rotation": { "origin": [ 8.0, 8.0, 8.0 ], "axis": "x", "angle": 22.5 },
            "faces": {
                "north": { "texture": "#1", "uv": [ 0.0, 0.0, 2.0, 20.0 ] },
                "east": { "texture": "#1", "uv": [ 0.0, 0.0, 2.0, 20.0 ] },
                "south": { "texture": "#1", "uv": [ 4.0, 0.0, 6.0, 20.0 ] },
                "west": { "texture": "#1", "uv": [ 0.0, 0.0, 2.0, 20.0 ] },
                "up": { "texture": "#1", "uv": [ 0.0, 0.0, 2.0, 2.0 ] },
                "down": { "texture": "#1", "uv": [ 0.0, 0.0, 2.0, 2.0 ] }
            }
        },
        {
            "name": "side 2",
            "from": [ 7.0, 29.0, 3.0 ], 
            "to": [ 9.0, 31.0, 13.0 ], 
            "rotation": { "origin": [ 8.0, 8.0, 8.0 ], "axis": "x", "angle": -22.5 },
            "faces": {
                "north": { "texture": "#1", "uv": [ 0.0, 0.0, 2.0, 20.0 ] },
                "east": { "texture": "#1", "uv": [ 0.0, 0.0, 2.0, 20.0 ] },
                "south": { "texture": "#1", "uv": [ 4.0, 0.0, 6.0, 20.0 ] },
                "west": { "texture": "#1", "uv": [ 0.0, 0.0, 2.0, 20.0 ] },
                "up": { "texture": "#1", "uv": [ 0.0, 0.0, 2.0, 2.0 ] },
                "down": { "texture": "#1", "uv": [ 0.0, 0.0, 2.0, 2.0 ] }
            }
        },
        {
            "name": "mid",
            "from": [ 7.0, 29.0, 3.0 ], 
            "to": [ 9.0, 31.0, 13.0 ], 
            "faces": {
                "north": { "texture": "#1", "uv": [ 0.0, 0.0, 2.0, 20.0 ] },
                "east": { "texture": "#1", "uv": [ 0.0, 0.0, 2.0, 20.0 ] },
                "south": { "texture": "#1", "uv": [ 4.0, 0.0, 6.0, 20.0 ] },
                "west": { "texture": "#1", "uv": [ 0.0, 0.0, 2.0, 20.0 ] },
                "up": { "texture": "#1", "uv": [ 0.0, 0.0, 2.0, 2.0 ] },
                "down": { "texture": "#1", "uv": [ 0.0, 0.0, 2.0, 2.0 ] }
            }
        },
        {
            "name": "Cube",
            "from": [ 9.0, 29.0, 3.0 ], 
            "to": [ 10.0, 31.0, 4.0 ], 
            "rotation": { "origin": [ 8.0, 8.0, 8.0 ], "axis": "x", "angle": -22.5 },
            "faces": {
                "north": { "texture": "#2", "uv": [ 0.0, 0.0, 2.0, 20.0 ] },
                "east": { "texture": "#2", "uv": [ 0.0, 0.0, 2.0, 20.0 ] },
                "south": { "texture": "#2", "uv": [ 4.0, 0.0, 6.0, 20.0 ] },
                "west": { "texture": "#2", "uv": [ 0.0, 0.0, 2.0, 20.0 ] },
                "up": { "texture": "#2", "uv": [ 0.0, 0.0, 2.0, 2.0 ] },
                "down": { "texture": "#2", "uv": [ 0.0, 0.0, 2.0, 2.0 ] }
            }
        },
        {
            "name": "Cube",
            "from": [ 9.0, 29.0, 5.0 ], 
            "to": [ 10.0, 31.0, 6.0 ], 
            "rotation": { "origin": [ 8.0, 8.0, 8.0 ], "axis": "x", "angle": -22.5 },
            "faces": {
                "north": { "texture": "#2", "uv": [ 0.0, 0.0, 2.0, 20.0 ] },
                "east": { "texture": "#2", "uv": [ 0.0, 0.0, 2.0, 20.0 ] },
                "south": { "texture": "#2", "uv": [ 4.0, 0.0, 6.0, 20.0 ] },
                "west": { "texture": "#2", "uv": [ 0.0, 0.0, 2.0, 20.0 ] },
                "up": { "texture": "#2", "uv": [ 0.0, 0.0, 2.0, 2.0 ] },
                "down": { "texture": "#2", "uv": [ 0.0, 0.0, 2.0, 2.0 ] }
            }
        },
        {
            "name": "Cube",
            "from": [ 9.0, 29.0, 7.0 ], 
            "to": [ 10.0, 31.0, 8.0 ], 
            "rotation": { "origin": [ 8.0, 8.0, 8.0 ], "axis": "x", "angle": -22.5 },
            "faces": {
                "north": { "texture": "#2", "uv": [ 0.0, 0.0, 2.0, 20.0 ] },
                "east": { "texture": "#2", "uv": [ 0.0, 0.0, 2.0, 20.0 ] },
                "south": { "texture": "#2", "uv": [ 4.0, 0.0, 6.0, 20.0 ] },
                "west": { "texture": "#2", "uv": [ 0.0, 0.0, 2.0, 20.0 ] },
                "up": { "texture": "#2", "uv": [ 0.0, 0.0, 2.0, 2.0 ] },
                "down": { "texture": "#2", "uv": [ 0.0, 0.0, 2.0, 2.0 ] }
            }
        },
        {
            "name": "Cube",
            "from": [ 9.0, 29.0, 9.0 ], 
            "to": [ 10.0, 31.0, 10.0 ], 
            "rotation": { "origin": [ 8.0, 8.0, 8.0 ], "axis": "x", "angle": -22.5 },
            "faces": {
                "north": { "texture": "#2", "uv": [ 0.0, 0.0, 2.0, 20.0 ] },
                "east": { "texture": "#2", "uv": [ 0.0, 0.0, 2.0, 20.0 ] },
                "south": { "texture": "#2", "uv": [ 4.0, 0.0, 6.0, 20.0 ] },
                "west": { "texture": "#2", "uv": [ 0.0, 0.0, 2.0, 20.0 ] },
                "up": { "texture": "#2", "uv": [ 0.0, 0.0, 2.0, 2.0 ] },
                "down": { "texture": "#2", "uv": [ 0.0, 0.0, 2.0, 2.0 ] }
            }
        },
        {
            "name": "Cube",
            "from": [ 9.0, 29.0, 11.0 ], 
            "to": [ 10.0, 31.0, 12.0 ], 
            "rotation": { "origin": [ 8.0, 8.0, 8.0 ], "axis": "x", "angle": -22.5 },
            "faces": {
                "north": { "texture": "#2", "uv": [ 0.0, 0.0, 2.0, 20.0 ] },
                "east": { "texture": "#2", "uv": [ 0.0, 0.0, 2.0, 20.0 ] },
                "south": { "texture": "#2", "uv": [ 4.0, 0.0, 6.0, 20.0 ] },
                "west": { "texture": "#2", "uv": [ 0.0, 0.0, 2.0, 20.0 ] },
                "up": { "texture": "#2", "uv": [ 0.0, 0.0, 2.0, 2.0 ] },
                "down": { "texture": "#2", "uv": [ 0.0, 0.0, 2.0, 2.0 ] }
            }
        },
        {
            "name": "Cube",
            "from": [ 9.0, 29.0, 12.0 ], 
            "to": [ 10.0, 31.0, 13.0 ], 
            "rotation": { "origin": [ 8.0, 8.0, 8.0 ], "axis": "x", "angle": 22.5 },
            "faces": {
                "north": { "texture": "#2", "uv": [ 0.0, 0.0, 2.0, 20.0 ] },
                "east": { "texture": "#2", "uv": [ 0.0, 0.0, 2.0, 20.0 ] },
                "south": { "texture": "#2", "uv": [ 4.0, 0.0, 6.0, 20.0 ] },
                "west": { "texture": "#2", "uv": [ 0.0, 0.0, 2.0, 20.0 ] },
                "up": { "texture": "#2", "uv": [ 0.0, 0.0, 2.0, 2.0 ] },
                "down": { "texture": "#2", "uv": [ 0.0, 0.0, 2.0, 2.0 ] }
            }
        },
        {
            "name": "Cube",
            "from": [ 9.0, 29.0, 10.0 ], 
            "to": [ 10.0, 31.0, 11.0 ], 
            "rotation": { "origin": [ 8.0, 8.0, 8.0 ], "axis": "x", "angle": 22.5 },
            "faces": {
                "north": { "texture": "#2", "uv": [ 0.0, 0.0, 2.0, 20.0 ] },
                "east": { "texture": "#2", "uv": [ 0.0, 0.0, 2.0, 20.0 ] },
                "south": { "texture": "#2", "uv": [ 4.0, 0.0, 6.0, 20.0 ] },
                "west": { "texture": "#2", "uv": [ 0.0, 0.0, 2.0, 20.0 ] },
                "up": { "texture": "#2", "uv": [ 0.0, 0.0, 2.0, 2.0 ] },
                "down": { "texture": "#2", "uv": [ 0.0, 0.0, 2.0, 2.0 ] }
            }
        },
        {
            "name": "Cube",
            "from": [ 9.0, 29.0, 8.0 ], 
            "to": [ 10.0, 31.0, 9.0 ], 
            "rotation": { "origin": [ 8.0, 8.0, 8.0 ], "axis": "x", "angle": 22.5 },
            "faces": {
                "north": { "texture": "#2", "uv": [ 0.0, 0.0, 2.0, 20.0 ] },
                "east": { "texture": "#2", "uv": [ 0.0, 0.0, 2.0, 20.0 ] },
                "south": { "texture": "#2", "uv": [ 4.0, 0.0, 6.0, 20.0 ] },
                "west": { "texture": "#2", "uv": [ 0.0, 0.0, 2.0, 20.0 ] },
                "up": { "texture": "#2", "uv": [ 0.0, 0.0, 2.0, 2.0 ] },
                "down": { "texture": "#2", "uv": [ 0.0, 0.0, 2.0, 2.0 ] }
            }
        },
        {
            "name": "Cube",
            "from": [ 9.0, 29.0, 6.0 ], 
            "to": [ 10.0, 31.0, 7.0 ], 
            "rotation": { "origin": [ 8.0, 8.0, 8.0 ], "axis": "x", "angle": 22.5 },
            "faces": {
                "north": { "texture": "#2", "uv": [ 0.0, 0.0, 2.0, 20.0 ] },
                "east": { "texture": "#2", "uv": [ 0.0, 0.0, 2.0, 20.0 ] },
                "south": { "texture": "#2", "uv": [ 4.0, 0.0, 6.0, 20.0 ] },
                "west": { "texture": "#2", "uv": [ 0.0, 0.0, 2.0, 20.0 ] },
                "up": { "texture": "#2", "uv": [ 0.0, 0.0, 2.0, 2.0 ] },
                "down": { "texture": "#2", "uv": [ 0.0, 0.0, 2.0, 2.0 ] }
            }
        },
        {
            "name": "Cube",
            "from": [ 9.0, 29.0, 4.0 ], 
            "to": [ 10.0, 31.0, 5.0 ], 
            "rotation": { "origin": [ 8.0, 8.0, 8.0 ], "axis": "x", "angle": 22.5 },
            "faces": {
                "north": { "texture": "#2", "uv": [ 0.0, 0.0, 2.0, 20.0 ] },
                "east": { "texture": "#2", "uv": [ 0.0, 0.0, 2.0, 20.0 ] },
                "south": { "texture": "#2", "uv": [ 4.0, 0.0, 6.0, 20.0 ] },
                "west": { "texture": "#2", "uv": [ 0.0, 0.0, 2.0, 20.0 ] },
                "up": { "texture": "#2", "uv": [ 0.0, 0.0, 2.0, 2.0 ] },
                "down": { "texture": "#2", "uv": [ 0.0, 0.0, 2.0, 2.0 ] }
            }
        },
        {
            "name": "Cube",
            "from": [ 9.0, 29.0, 10.0 ], 
            "to": [ 10.0, 31.0, 11.0 ], 
            "faces": {
                "north": { "texture": "#2", "uv": [ 0.0, 0.0, 2.0, 20.0 ] },
                "east": { "texture": "#2", "uv": [ 0.0, 0.0, 2.0, 20.0 ] },
                "south": { "texture": "#2", "uv": [ 4.0, 0.0, 6.0, 20.0 ] },
                "west": { "texture": "#2", "uv": [ 0.0, 0.0, 2.0, 20.0 ] },
                "up": { "texture": "#2", "uv": [ 0.0, 0.0, 2.0, 2.0 ] },
                "down": { "texture": "#2", "uv": [ 0.0, 0.0, 2.0, 2.0 ] }
            }
        },
        {
            "name": "Cube",
            "from": [ 9.0, 29.0, 5.0 ], 
            "to": [ 10.0, 31.0, 6.0 ], 
            "faces": {
                "north": { "texture": "#2", "uv": [ 0.0, 0.0, 2.0, 20.0 ] },
                "east": { "texture": "#2", "uv": [ 0.0, 0.0, 2.0, 20.0 ] },
                "south": { "texture": "#2", "uv": [ 4.0, 0.0, 6.0, 20.0 ] },
                "west": { "texture": "#2", "uv": [ 0.0, 0.0, 2.0, 20.0 ] },
                "up": { "texture": "#2", "uv": [ 0.0, 0.0, 2.0, 2.0 ] },
                "down": { "texture": "#2", "uv": [ 0.0, 0.0, 2.0, 2.0 ] }
            }
        },
        {
            "name": "Cube",
            "from": [ 9.0, 29.0, 7.0 ], 
            "to": [ 10.0, 31.0, 8.0 ], 
            "faces": {
                "north": { "texture": "#2", "uv": [ 0.0, 0.0, 2.0, 20.0 ] },
                "east": { "texture": "#2", "uv": [ 0.0, 0.0, 2.0, 20.0 ] },
                "south": { "texture": "#2", "uv": [ 4.0, 0.0, 6.0, 20.0 ] },
                "west": { "texture": "#2", "uv": [ 0.0, 0.0, 2.0, 20.0 ] },
                "up": { "texture": "#2", "uv": [ 0.0, 0.0, 2.0, 2.0 ] },
                "down": { "texture": "#2", "uv": [ 0.0, 0.0, 2.0, 2.0 ] }
            }
        },
        {
            "name": "Cube",
            "from": [ 9.0, 29.0, 8.0 ], 
            "to": [ 10.0, 31.0, 9.0 ], 
            "faces": {
                "north": { "texture": "#2", "uv": [ 0.0, 0.0, 2.0, 20.0 ] },
                "east": { "texture": "#2", "uv": [ 0.0, 0.0, 2.0, 20.0 ] },
                "south": { "texture": "#2", "uv": [ 4.0, 0.0, 6.0, 20.0 ] },
                "west": { "texture": "#2", "uv": [ 0.0, 0.0, 2.0, 20.0 ] },
                "up": { "texture": "#2", "uv": [ 0.0, 0.0, 2.0, 2.0 ] },
                "down": { "texture": "#2", "uv": [ 0.0, 0.0, 2.0, 2.0 ] }
            }
        },
        {
            "name": "Cube",
            "from": [ 6.0, 29.0, 8.0 ], 
            "to": [ 7.0, 31.0, 9.0 ], 
            "faces": {
                "north": { "texture": "#2", "uv": [ 0.0, 0.0, 2.0, 20.0 ] },
                "east": { "texture": "#2", "uv": [ 0.0, 0.0, 2.0, 20.0 ] },
                "south": { "texture": "#2", "uv": [ 4.0, 0.0, 6.0, 20.0 ] },
                "west": { "texture": "#2", "uv": [ 0.0, 0.0, 2.0, 20.0 ] },
                "up": { "texture": "#2", "uv": [ 0.0, 0.0, 2.0, 2.0 ] },
                "down": { "texture": "#2", "uv": [ 0.0, 0.0, 2.0, 2.0 ] }
            }
        },
        {
            "name": "Cube",
            "from": [ 6.0, 29.0, 7.0 ], 
            "to": [ 7.0, 31.0, 8.0 ], 
            "faces": {
                "north": { "texture": "#2", "uv": [ 0.0, 0.0, 2.0, 20.0 ] },
                "east": { "texture": "#2", "uv": [ 0.0, 0.0, 2.0, 20.0 ] },
                "south": { "texture": "#2", "uv": [ 4.0, 0.0, 6.0, 20.0 ] },
                "west": { "texture": "#2", "uv": [ 0.0, 0.0, 2.0, 20.0 ] },
                "up": { "texture": "#2", "uv": [ 0.0, 0.0, 2.0, 2.0 ] },
                "down": { "texture": "#2", "uv": [ 0.0, 0.0, 2.0, 2.0 ] }
            }
        },
        {
            "name": "Cube",
            "from": [ 6.0, 29.0, 5.0 ], 
            "to": [ 7.0, 31.0, 6.0 ], 
            "faces": {
                "north": { "texture": "#2", "uv": [ 0.0, 0.0, 2.0, 20.0 ] },
                "east": { "texture": "#2", "uv": [ 0.0, 0.0, 2.0, 20.0 ] },
                "south": { "texture": "#2", "uv": [ 4.0, 0.0, 6.0, 20.0 ] },
                "west": { "texture": "#2", "uv": [ 0.0, 0.0, 2.0, 20.0 ] },
                "up": { "texture": "#2", "uv": [ 0.0, 0.0, 2.0, 2.0 ] },
                "down": { "texture": "#2", "uv": [ 0.0, 0.0, 2.0, 2.0 ] }
            }
        },
        {
            "name": "Cube",
            "from": [ 6.0, 29.0, 10.0 ], 
            "to": [ 7.0, 31.0, 11.0 ], 
            "faces": {
                "north": { "texture": "#2", "uv": [ 0.0, 0.0, 2.0, 20.0 ] },
                "east": { "texture": "#2", "uv": [ 0.0, 0.0, 2.0, 20.0 ] },
                "south": { "texture": "#2", "uv": [ 4.0, 0.0, 6.0, 20.0 ] },
                "west": { "texture": "#2", "uv": [ 0.0, 0.0, 2.0, 20.0 ] },
                "up": { "texture": "#2", "uv": [ 0.0, 0.0, 2.0, 2.0 ] },
                "down": { "texture": "#2", "uv": [ 0.0, 0.0, 2.0, 2.0 ] }
            }
        },
        {
            "name": "Cube",
            "from": [ 6.0, 29.0, 12.0 ], 
            "to": [ 7.0, 31.0, 13.0 ], 
            "rotation": { "origin": [ 8.0, 8.0, 8.0 ], "axis": "x", "angle": 22.5 },
            "faces": {
                "north": { "texture": "#2", "uv": [ 0.0, 0.0, 2.0, 20.0 ] },
                "east": { "texture": "#2", "uv": [ 0.0, 0.0, 2.0, 20.0 ] },
                "south": { "texture": "#2", "uv": [ 4.0, 0.0, 6.0, 20.0 ] },
                "west": { "texture": "#2", "uv": [ 0.0, 0.0, 2.0, 20.0 ] },
                "up": { "texture": "#2", "uv": [ 0.0, 0.0, 2.0, 2.0 ] },
                "down": { "texture": "#2", "uv": [ 0.0, 0.0, 2.0, 2.0 ] }
            }
        },
        {
            "name": "Cube",
            "from": [ 6.0, 29.0, 10.0 ], 
            "to": [ 7.0, 31.0, 11.0 ], 
            "rotation": { "origin": [ 8.0, 8.0, 8.0 ], "axis": "x", "angle": 22.5 },
            "faces": {
                "north": { "texture": "#2", "uv": [ 0.0, 0.0, 2.0, 20.0 ] },
                "east": { "texture": "#2", "uv": [ 0.0, 0.0, 2.0, 20.0 ] },
                "south": { "texture": "#2", "uv": [ 4.0, 0.0, 6.0, 20.0 ] },
                "west": { "texture": "#2", "uv": [ 0.0, 0.0, 2.0, 20.0 ] },
                "up": { "texture": "#2", "uv": [ 0.0, 0.0, 2.0, 2.0 ] },
                "down": { "texture": "#2", "uv": [ 0.0, 0.0, 2.0, 2.0 ] }
            }
        },
        {
            "name": "Cube",
            "from": [ 6.0, 29.0, 8.0 ], 
            "to": [ 7.0, 31.0, 9.0 ], 
            "rotation": { "origin": [ 8.0, 8.0, 8.0 ], "axis": "x", "angle": 22.5 },
            "faces": {
                "north": { "texture": "#2", "uv": [ 0.0, 0.0, 2.0, 20.0 ] },
                "east": { "texture": "#2", "uv": [ 0.0, 0.0, 2.0, 20.0 ] },
                "south": { "texture": "#2", "uv": [ 4.0, 0.0, 6.0, 20.0 ] },
                "west": { "texture": "#2", "uv": [ 0.0, 0.0, 2.0, 20.0 ] },
                "up": { "texture": "#2", "uv": [ 0.0, 0.0, 2.0, 2.0 ] },
                "down": { "texture": "#2", "uv": [ 0.0, 0.0, 2.0, 2.0 ] }
            }
        },
        {
            "name": "Cube",
            "from": [ 6.0, 29.0, 6.0 ], 
            "to": [ 7.0, 31.0, 7.0 ], 
            "rotation": { "origin": [ 8.0, 8.0, 8.0 ], "axis": "x", "angle": 22.5 },
            "faces": {
                "north": { "texture": "#2", "uv": [ 0.0, 0.0, 2.0, 20.0 ] },
                "east": { "texture": "#2", "uv": [ 0.0, 0.0, 2.0, 20.0 ] },
                "south": { "texture": "#2", "uv": [ 4.0, 0.0, 6.0, 20.0 ] },
                "west": { "texture": "#2", "uv": [ 0.0, 0.0, 2.0, 20.0 ] },
                "up": { "texture": "#2", "uv": [ 0.0, 0.0, 2.0, 2.0 ] },
                "down": { "texture": "#2", "uv": [ 0.0, 0.0, 2.0, 2.0 ] }
            }
        },
        {
            "name": "Cube",
            "from": [ 6.0, 29.0, 4.0 ], 
            "to": [ 7.0, 31.0, 5.0 ], 
            "rotation": { "origin": [ 8.0, 8.0, 8.0 ], "axis": "x", "angle": 22.5 },
            "faces": {
                "north": { "texture": "#2", "uv": [ 0.0, 0.0, 2.0, 20.0 ] },
                "east": { "texture": "#2", "uv": [ 0.0, 0.0, 2.0, 20.0 ] },
                "south": { "texture": "#2", "uv": [ 4.0, 0.0, 6.0, 20.0 ] },
                "west": { "texture": "#2", "uv": [ 0.0, 0.0, 2.0, 20.0 ] },
                "up": { "texture": "#2", "uv": [ 0.0, 0.0, 2.0, 2.0 ] },
                "down": { "texture": "#2", "uv": [ 0.0, 0.0, 2.0, 2.0 ] }
            }
        },
        {
            "name": "Cube",
            "from": [ 6.0, 29.0, 3.0 ], 
            "to": [ 7.0, 31.0, 4.0 ], 
            "rotation": { "origin": [ 8.0, 8.0, 8.0 ], "axis": "x", "angle": -22.5 },
            "faces": {
                "north": { "texture": "#2", "uv": [ 0.0, 0.0, 2.0, 20.0 ] },
                "east": { "texture": "#2", "uv": [ 0.0, 0.0, 2.0, 20.0 ] },
                "south": { "texture": "#2", "uv": [ 4.0, 0.0, 6.0, 20.0 ] },
                "west": { "texture": "#2", "uv": [ 0.0, 0.0, 2.0, 20.0 ] },
                "up": { "texture": "#2", "uv": [ 0.0, 0.0, 2.0, 2.0 ] },
                "down": { "texture": "#2", "uv": [ 0.0, 0.0, 2.0, 2.0 ] }
            }
        },
        {
            "name": "Cube",
            "from": [ 6.0, 29.0, 5.0 ], 
            "to": [ 7.0, 31.0, 6.0 ], 
            "rotation": { "origin": [ 8.0, 8.0, 8.0 ], "axis": "x", "angle": -22.5 },
            "faces": {
                "north": { "texture": "#2", "uv": [ 0.0, 0.0, 2.0, 20.0 ] },
                "east": { "texture": "#2", "uv": [ 0.0, 0.0, 2.0, 20.0 ] },
                "south": { "texture": "#2", "uv": [ 4.0, 0.0, 6.0, 20.0 ] },
                "west": { "texture": "#2", "uv": [ 0.0, 0.0, 2.0, 20.0 ] },
                "up": { "texture": "#2", "uv": [ 0.0, 0.0, 2.0, 2.0 ] },
                "down": { "texture": "#2", "uv": [ 0.0, 0.0, 2.0, 2.0 ] }
            }
        },
        {
            "name": "Cube",
            "from": [ 6.0, 29.0, 7.0 ], 
            "to": [ 7.0, 31.0, 8.0 ], 
            "rotation": { "origin": [ 8.0, 8.0, 8.0 ], "axis": "x", "angle": -22.5 },
            "faces": {
                "north": { "texture": "#2", "uv": [ 0.0, 0.0, 2.0, 20.0 ] },
                "east": { "texture": "#2", "uv": [ 0.0, 0.0, 2.0, 20.0 ] },
                "south": { "texture": "#2", "uv": [ 4.0, 0.0, 6.0, 20.0 ] },
                "west": { "texture": "#2", "uv": [ 0.0, 0.0, 2.0, 20.0 ] },
                "up": { "texture": "#2", "uv": [ 0.0, 0.0, 2.0, 2.0 ] },
                "down": { "texture": "#2", "uv": [ 0.0, 0.0, 2.0, 2.0 ] }
            }
        },
        {
            "name": "Cube",
            "from": [ 6.0, 29.0, 9.0 ], 
            "to": [ 7.0, 31.0, 10.0 ], 
            "rotation": { "origin": [ 8.0, 8.0, 8.0 ], "axis": "x", "angle": -22.5 },
            "faces": {
                "north": { "texture": "#2", "uv": [ 0.0, 0.0, 2.0, 20.0 ] },
                "east": { "texture": "#2", "uv": [ 0.0, 0.0, 2.0, 20.0 ] },
                "south": { "texture": "#2", "uv": [ 4.0, 0.0, 6.0, 20.0 ] },
                "west": { "texture": "#2", "uv": [ 0.0, 0.0, 2.0, 20.0 ] },
                "up": { "texture": "#2", "uv": [ 0.0, 0.0, 2.0, 2.0 ] },
                "down": { "texture": "#2", "uv": [ 0.0, 0.0, 2.0, 2.0 ] }
            }
        },
        {
            "name": "Cube",
            "from": [ 6.0, 29.0, 11.0 ], 
            "to": [ 7.0, 31.0, 12.0 ], 
            "rotation": { "origin": [ 8.0, 8.0, 8.0 ], "axis": "x", "angle": -22.5 },
            "faces": {
                "north": { "texture": "#2", "uv": [ 0.0, 0.0, 2.0, 20.0 ] },
                "east": { "texture": "#2", "uv": [ 0.0, 0.0, 2.0, 20.0 ] },
                "south": { "texture": "#2", "uv": [ 4.0, 0.0, 6.0, 20.0 ] },
                "west": { "texture": "#2", "uv": [ 0.0, 0.0, 2.0, 20.0 ] },
                "up": { "texture": "#2", "uv": [ 0.0, 0.0, 2.0, 2.0 ] },
                "down": { "texture": "#2", "uv": [ 0.0, 0.0, 2.0, 2.0 ] }
            }
        },
        {
            "name": "Cube",
            "from": [ 7.0, 31.0, 3.0 ], 
            "to": [ 9.0, 32.0, 4.0 ], 
            "rotation": { "origin": [ 8.0, 8.0, 8.0 ], "axis": "x", "angle": -22.5 },
            "faces": {
                "north": { "texture": "#2", "uv": [ 0.0, 0.0, 2.0, 20.0 ] },
                "east": { "texture": "#2", "uv": [ 0.0, 0.0, 2.0, 20.0 ] },
                "south": { "texture": "#2", "uv": [ 4.0, 0.0, 6.0, 20.0 ] },
                "west": { "texture": "#2", "uv": [ 0.0, 0.0, 2.0, 20.0 ] },
                "up": { "texture": "#2", "uv": [ 0.0, 0.0, 2.0, 2.0 ] },
                "down": { "texture": "#2", "uv": [ 0.0, 0.0, 2.0, 2.0 ] }
            }
        },
        {
            "name": "Cube",
            "from": [ 7.0, 31.0, 5.0 ], 
            "to": [ 9.0, 32.0, 6.0 ], 
            "rotation": { "origin": [ 8.0, 8.0, 8.0 ], "axis": "x", "angle": -22.5 },
            "faces": {
                "north": { "texture": "#2", "uv": [ 0.0, 0.0, 2.0, 20.0 ] },
                "east": { "texture": "#2", "uv": [ 0.0, 0.0, 2.0, 20.0 ] },
                "south": { "texture": "#2", "uv": [ 4.0, 0.0, 6.0, 20.0 ] },
                "west": { "texture": "#2", "uv": [ 0.0, 0.0, 2.0, 20.0 ] },
                "up": { "texture": "#2", "uv": [ 0.0, 0.0, 2.0, 2.0 ] },
                "down": { "texture": "#2", "uv": [ 0.0, 0.0, 2.0, 2.0 ] }
            }
        },
        {
            "name": "Cube",
            "from": [ 7.0, 31.0, 7.0 ], 
            "to": [ 9.0, 32.0, 8.0 ], 
            "rotation": { "origin": [ 8.0, 8.0, 8.0 ], "axis": "x", "angle": -22.5 },
            "faces": {
                "north": { "texture": "#2", "uv": [ 0.0, 0.0, 2.0, 20.0 ] },
                "east": { "texture": "#2", "uv": [ 0.0, 0.0, 2.0, 20.0 ] },
                "south": { "texture": "#2", "uv": [ 4.0, 0.0, 6.0, 20.0 ] },
                "west": { "texture": "#2", "uv": [ 0.0, 0.0, 2.0, 20.0 ] },
                "up": { "texture": "#2", "uv": [ 0.0, 0.0, 2.0, 2.0 ] },
                "down": { "texture": "#2", "uv": [ 0.0, 0.0, 2.0, 2.0 ] }
            }
        },
        {
            "name": "Cube",
            "from": [ 7.0, 31.0, 9.0 ], 
            "to": [ 9.0, 32.0, 10.0 ], 
            "rotation": { "origin": [ 8.0, 8.0, 8.0 ], "axis": "x", "angle": -22.5 },
            "faces": {
                "north": { "texture": "#2", "uv": [ 0.0, 0.0, 2.0, 20.0 ] },
                "east": { "texture": "#2", "uv": [ 0.0, 0.0, 2.0, 20.0 ] },
                "south": { "texture": "#2", "uv": [ 4.0, 0.0, 6.0, 20.0 ] },
                "west": { "texture": "#2", "uv": [ 0.0, 0.0, 2.0, 20.0 ] },
                "up": { "texture": "#2", "uv": [ 0.0, 0.0, 2.0, 2.0 ] },
                "down": { "texture": "#2", "uv": [ 0.0, 0.0, 2.0, 2.0 ] }
            }
        },
        {
            "name": "Cube",
            "from": [ 7.0, 31.0, 11.0 ], 
            "to": [ 9.0, 32.0, 12.0 ], 
            "rotation": { "origin": [ 8.0, 8.0, 8.0 ], "axis": "x", "angle": -22.5 },
            "faces": {
                "north": { "texture": "#2", "uv": [ 0.0, 0.0, 2.0, 20.0 ] },
                "east": { "texture": "#2", "uv": [ 0.0, 0.0, 2.0, 20.0 ] },
                "south": { "texture": "#2", "uv": [ 4.0, 0.0, 6.0, 20.0 ] },
                "west": { "texture": "#2", "uv": [ 0.0, 0.0, 2.0, 20.0 ] },
                "up": { "texture": "#2", "uv": [ 0.0, 0.0, 2.0, 2.0 ] },
                "down": { "texture": "#2", "uv": [ 0.0, 0.0, 2.0, 2.0 ] }
            }
        },
        {
            "name": "Cube",
            "from": [ 7.0, 31.0, 10.0 ], 
            "to": [ 9.0, 32.0, 11.0 ], 
            "faces": {
                "north": { "texture": "#2", "uv": [ 0.0, 0.0, 2.0, 20.0 ] },
                "east": { "texture": "#2", "uv": [ 0.0, 0.0, 2.0, 20.0 ] },
                "south": { "texture": "#2", "uv": [ 4.0, 0.0, 6.0, 20.0 ] },
                "west": { "texture": "#2", "uv": [ 0.0, 0.0, 2.0, 20.0 ] },
                "up": { "texture": "#2", "uv": [ 0.0, 0.0, 2.0, 2.0 ] },
                "down": { "texture": "#2", "uv": [ 0.0, 0.0, 2.0, 2.0 ] }
            }
        },
        {
            "name": "Cube",
            "from": [ 7.0, 31.0, 8.0 ], 
            "to": [ 9.0, 32.0, 9.0 ], 
            "faces": {
                "north": { "texture": "#2", "uv": [ 0.0, 0.0, 2.0, 20.0 ] },
                "east": { "texture": "#2", "uv": [ 0.0, 0.0, 2.0, 20.0 ] },
                "south": { "texture": "#2", "uv": [ 4.0, 0.0, 6.0, 20.0 ] },
                "west": { "texture": "#2", "uv": [ 0.0, 0.0, 2.0, 20.0 ] },
                "up": { "texture": "#2", "uv": [ 0.0, 0.0, 2.0, 2.0 ] },
                "down": { "texture": "#2", "uv": [ 0.0, 0.0, 2.0, 2.0 ] }
            }
        },
        {
            "name": "Cube",
            "from": [ 7.0, 31.0, 7.0 ], 
            "to": [ 9.0, 32.0, 8.0 ], 
            "faces": {
                "north": { "texture": "#2", "uv": [ 0.0, 0.0, 2.0, 20.0 ] },
                "east": { "texture": "#2", "uv": [ 0.0, 0.0, 2.0, 20.0 ] },
                "south": { "texture": "#2", "uv": [ 4.0, 0.0, 6.0, 20.0 ] },
                "west": { "texture": "#2", "uv": [ 0.0, 0.0, 2.0, 20.0 ] },
                "up": { "texture": "#2", "uv": [ 0.0, 0.0, 2.0, 2.0 ] },
                "down": { "texture": "#2", "uv": [ 0.0, 0.0, 2.0, 2.0 ] }
            }
        },
        {
            "name": "Cube",
            "from": [ 7.0, 31.0, 5.0 ], 
            "to": [ 9.0, 32.0, 6.0 ], 
            "faces": {
                "north": { "texture": "#2", "uv": [ 0.0, 0.0, 2.0, 20.0 ] },
                "east": { "texture": "#2", "uv": [ 0.0, 0.0, 2.0, 20.0 ] },
                "south": { "texture": "#2", "uv": [ 4.0, 0.0, 6.0, 20.0 ] },
                "west": { "texture": "#2", "uv": [ 0.0, 0.0, 2.0, 20.0 ] },
                "up": { "texture": "#2", "uv": [ 0.0, 0.0, 2.0, 2.0 ] },
                "down": { "texture": "#2", "uv": [ 0.0, 0.0, 2.0, 2.0 ] }
            }
        },
        {
            "name": "Cube",
            "from": [ 7.0, 31.0, 12.0 ], 
            "to": [ 9.0, 32.0, 13.0 ], 
            "rotation": { "origin": [ 8.0, 8.0, 8.0 ], "axis": "x", "angle": 22.5 },
            "faces": {
                "north": { "texture": "#2", "uv": [ 0.0, 0.0, 2.0, 20.0 ] },
                "east": { "texture": "#2", "uv": [ 0.0, 0.0, 2.0, 20.0 ] },
                "south": { "texture": "#2", "uv": [ 4.0, 0.0, 6.0, 20.0 ] },
                "west": { "texture": "#2", "uv": [ 0.0, 0.0, 2.0, 20.0 ] },
                "up": { "texture": "#2", "uv": [ 0.0, 0.0, 2.0, 2.0 ] },
                "down": { "texture": "#2", "uv": [ 0.0, 0.0, 2.0, 2.0 ] }
            }
        },
        {
            "name": "Cube",
            "from": [ 7.0, 31.0, 10.0 ], 
            "to": [ 9.0, 32.0, 11.0 ], 
            "rotation": { "origin": [ 8.0, 8.0, 8.0 ], "axis": "x", "angle": 22.5 },
            "faces": {
                "north": { "texture": "#2", "uv": [ 0.0, 0.0, 2.0, 20.0 ] },
                "east": { "texture": "#2", "uv": [ 0.0, 0.0, 2.0, 20.0 ] },
                "south": { "texture": "#2", "uv": [ 4.0, 0.0, 6.0, 20.0 ] },
                "west": { "texture": "#2", "uv": [ 0.0, 0.0, 2.0, 20.0 ] },
                "up": { "texture": "#2", "uv": [ 0.0, 0.0, 2.0, 2.0 ] },
                "down": { "texture": "#2", "uv": [ 0.0, 0.0, 2.0, 2.0 ] }
            }
        },
        {
            "name": "Cube",
            "from": [ 7.0, 31.0, 8.0 ], 
            "to": [ 9.0, 32.0, 9.0 ], 
            "rotation": { "origin": [ 8.0, 8.0, 8.0 ], "axis": "x", "angle": 22.5 },
            "faces": {
                "north": { "texture": "#2", "uv": [ 0.0, 0.0, 2.0, 20.0 ] },
                "east": { "texture": "#2", "uv": [ 0.0, 0.0, 2.0, 20.0 ] },
                "south": { "texture": "#2", "uv": [ 4.0, 0.0, 6.0, 20.0 ] },
                "west": { "texture": "#2", "uv": [ 0.0, 0.0, 2.0, 20.0 ] },
                "up": { "texture": "#2", "uv": [ 0.0, 0.0, 2.0, 2.0 ] },
                "down": { "texture": "#2", "uv": [ 0.0, 0.0, 2.0, 2.0 ] }
            }
        },
        {
            "name": "Cube",
            "from": [ 7.0, 31.0, 6.0 ], 
            "to": [ 9.0, 32.0, 7.0 ], 
            "rotation": { "origin": [ 8.0, 8.0, 8.0 ], "axis": "x", "angle": 22.5 },
            "faces": {
                "north": { "texture": "#2", "uv": [ 0.0, 0.0, 2.0, 20.0 ] },
                "east": { "texture": "#2", "uv": [ 0.0, 0.0, 2.0, 20.0 ] },
                "south": { "texture": "#2", "uv": [ 4.0, 0.0, 6.0, 20.0 ] },
                "west": { "texture": "#2", "uv": [ 0.0, 0.0, 2.0, 20.0 ] },
                "up": { "texture": "#2", "uv": [ 0.0, 0.0, 2.0, 2.0 ] },
                "down": { "texture": "#2", "uv": [ 0.0, 0.0, 2.0, 2.0 ] }
            }
        },
        {
            "name": "Cube",
            "from": [ 7.0, 31.0, 4.0 ], 
            "to": [ 9.0, 32.0, 5.0 ], 
            "rotation": { "origin": [ 8.0, 8.0, 8.0 ], "axis": "x", "angle": 22.5 },
            "faces": {
                "north": { "texture": "#2", "uv": [ 0.0, 0.0, 2.0, 20.0 ] },
                "east": { "texture": "#2", "uv": [ 0.0, 0.0, 2.0, 20.0 ] },
                "south": { "texture": "#2", "uv": [ 4.0, 0.0, 6.0, 20.0 ] },
                "west": { "texture": "#2", "uv": [ 0.0, 0.0, 2.0, 20.0 ] },
                "up": { "texture": "#2", "uv": [ 0.0, 0.0, 2.0, 2.0 ] },
                "down": { "texture": "#2", "uv": [ 0.0, 0.0, 2.0, 2.0 ] }
            }
        },
        {
            "name": "Cube",
            "from": [ 7.0, 28.0, 4.0 ], 
            "to": [ 9.0, 29.0, 5.0 ], 
            "rotation": { "origin": [ 8.0, 8.0, 8.0 ], "axis": "x", "angle": 22.5 },
            "faces": {
                "north": { "texture": "#2", "uv": [ 0.0, 0.0, 2.0, 20.0 ] },
                "east": { "texture": "#2", "uv": [ 0.0, 0.0, 2.0, 20.0 ] },
                "south": { "texture": "#2", "uv": [ 4.0, 0.0, 6.0, 20.0 ] },
                "west": { "texture": "#2", "uv": [ 0.0, 0.0, 2.0, 20.0 ] },
                "up": { "texture": "#2", "uv": [ 0.0, 0.0, 2.0, 2.0 ] },
                "down": { "texture": "#2", "uv": [ 0.0, 0.0, 2.0, 2.0 ] }
            }
        },
        {
            "name": "Cube",
            "from": [ 7.0, 28.0, 6.0 ], 
            "to": [ 9.0, 29.0, 7.0 ], 
            "rotation": { "origin": [ 8.0, 8.0, 8.0 ], "axis": "x", "angle": 22.5 },
            "faces": {
                "north": { "texture": "#2", "uv": [ 0.0, 0.0, 2.0, 20.0 ] },
                "east": { "texture": "#2", "uv": [ 0.0, 0.0, 2.0, 20.0 ] },
                "south": { "texture": "#2", "uv": [ 4.0, 0.0, 6.0, 20.0 ] },
                "west": { "texture": "#2", "uv": [ 0.0, 0.0, 2.0, 20.0 ] },
                "up": { "texture": "#2", "uv": [ 0.0, 0.0, 2.0, 2.0 ] },
                "down": { "texture": "#2", "uv": [ 0.0, 0.0, 2.0, 2.0 ] }
            }
        },
        {
            "name": "Cube",
            "from": [ 7.0, 28.0, 8.0 ], 
            "to": [ 9.0, 29.0, 9.0 ], 
            "rotation": { "origin": [ 8.0, 8.0, 8.0 ], "axis": "x", "angle": 22.5 },
            "faces": {
                "north": { "texture": "#2", "uv": [ 0.0, 0.0, 2.0, 20.0 ] },
                "east": { "texture": "#2", "uv": [ 0.0, 0.0, 2.0, 20.0 ] },
                "south": { "texture": "#2", "uv": [ 4.0, 0.0, 6.0, 20.0 ] },
                "west": { "texture": "#2", "uv": [ 0.0, 0.0, 2.0, 20.0 ] },
                "up": { "texture": "#2", "uv": [ 0.0, 0.0, 2.0, 2.0 ] },
                "down": { "texture": "#2", "uv": [ 0.0, 0.0, 2.0, 2.0 ] }
            }
        },
        {
            "name": "Cube",
            "from": [ 7.0, 28.0, 10.0 ], 
            "to": [ 9.0, 29.0, 11.0 ], 
            "rotation": { "origin": [ 8.0, 8.0, 8.0 ], "axis": "x", "angle": 22.5 },
            "faces": {
                "north": { "texture": "#2", "uv": [ 0.0, 0.0, 2.0, 20.0 ] },
                "east": { "texture": "#2", "uv": [ 0.0, 0.0, 2.0, 20.0 ] },
                "south": { "texture": "#2", "uv": [ 4.0, 0.0, 6.0, 20.0 ] },
                "west": { "texture": "#2", "uv": [ 0.0, 0.0, 2.0, 20.0 ] },
                "up": { "texture": "#2", "uv": [ 0.0, 0.0, 2.0, 2.0 ] },
                "down": { "texture": "#2", "uv": [ 0.0, 0.0, 2.0, 2.0 ] }
            }
        },
        {
            "name": "Cube",
            "from": [ 7.0, 28.0, 12.0 ], 
            "to": [ 9.0, 29.0, 13.0 ], 
            "rotation": { "origin": [ 8.0, 8.0, 8.0 ], "axis": "x", "angle": 22.5 },
            "faces": {
                "north": { "texture": "#2", "uv": [ 0.0, 0.0, 2.0, 20.0 ] },
                "east": { "texture": "#2", "uv": [ 0.0, 0.0, 2.0, 20.0 ] },
                "south": { "texture": "#2", "uv": [ 4.0, 0.0, 6.0, 20.0 ] },
                "west": { "texture": "#2", "uv": [ 0.0, 0.0, 2.0, 20.0 ] },
                "up": { "texture": "#2", "uv": [ 0.0, 0.0, 2.0, 2.0 ] },
                "down": { "texture": "#2", "uv": [ 0.0, 0.0, 2.0, 2.0 ] }
            }
        },
        {
            "name": "Cube",
            "from": [ 7.0, 28.0, 10.0 ], 
            "to": [ 9.0, 29.0, 11.0 ], 
            "faces": {
                "north": { "texture": "#2", "uv": [ 0.0, 0.0, 2.0, 20.0 ] },
                "east": { "texture": "#2", "uv": [ 0.0, 0.0, 2.0, 20.0 ] },
                "south": { "texture": "#2", "uv": [ 4.0, 0.0, 6.0, 20.0 ] },
                "west": { "texture": "#2", "uv": [ 0.0, 0.0, 2.0, 20.0 ] },
                "up": { "texture": "#2", "uv": [ 0.0, 0.0, 2.0, 2.0 ] },
                "down": { "texture": "#2", "uv": [ 0.0, 0.0, 2.0, 2.0 ] }
            }
        },
        {
            "name": "Cube",
            "from": [ 7.0, 28.0, 5.0 ], 
            "to": [ 9.0, 29.0, 6.0 ], 
            "faces": {
                "north": { "texture": "#2", "uv": [ 0.0, 0.0, 2.0, 20.0 ] },
                "east": { "texture": "#2", "uv": [ 0.0, 0.0, 2.0, 20.0 ] },
                "south": { "texture": "#2", "uv": [ 4.0, 0.0, 6.0, 20.0 ] },
                "west": { "texture": "#2", "uv": [ 0.0, 0.0, 2.0, 20.0 ] },
                "up": { "texture": "#2", "uv": [ 0.0, 0.0, 2.0, 2.0 ] },
                "down": { "texture": "#2", "uv": [ 0.0, 0.0, 2.0, 2.0 ] }
            }
        },
        {
            "name": "Cube",
            "from": [ 7.0, 28.0, 3.0 ], 
            "to": [ 9.0, 29.0, 4.0 ], 
            "rotation": { "origin": [ 8.0, 8.0, 8.0 ], "axis": "x", "angle": -22.5 },
            "faces": {
                "north": { "texture": "#2", "uv": [ 0.0, 0.0, 2.0, 20.0 ] },
                "east": { "texture": "#2", "uv": [ 0.0, 0.0, 2.0, 20.0 ] },
                "south": { "texture": "#2", "uv": [ 4.0, 0.0, 6.0, 20.0 ] },
                "west": { "texture": "#2", "uv": [ 0.0, 0.0, 2.0, 20.0 ] },
                "up": { "texture": "#2", "uv": [ 0.0, 0.0, 2.0, 2.0 ] },
                "down": { "texture": "#2", "uv": [ 0.0, 0.0, 2.0, 2.0 ] }
            }
        },
        {
            "name": "Cube",
            "from": [ 7.0, 28.0, 5.0 ], 
            "to": [ 9.0, 29.0, 6.0 ], 
            "rotation": { "origin": [ 8.0, 8.0, 8.0 ], "axis": "x", "angle": -22.5 },
            "faces": {
                "north": { "texture": "#2", "uv": [ 0.0, 0.0, 2.0, 20.0 ] },
                "east": { "texture": "#2", "uv": [ 0.0, 0.0, 2.0, 20.0 ] },
                "south": { "texture": "#2", "uv": [ 4.0, 0.0, 6.0, 20.0 ] },
                "west": { "texture": "#2", "uv": [ 0.0, 0.0, 2.0, 20.0 ] },
                "up": { "texture": "#2", "uv": [ 0.0, 0.0, 2.0, 2.0 ] },
                "down": { "texture": "#2", "uv": [ 0.0, 0.0, 2.0, 2.0 ] }
            }
        },
        {
            "name": "Cube",
            "from": [ 7.0, 28.0, 7.0 ], 
            "to": [ 9.0, 29.0, 8.0 ], 
            "rotation": { "origin": [ 8.0, 8.0, 8.0 ], "axis": "x", "angle": -22.5 },
            "faces": {
                "north": { "texture": "#2", "uv": [ 0.0, 0.0, 2.0, 20.0 ] },
                "east": { "texture": "#2", "uv": [ 0.0, 0.0, 2.0, 20.0 ] },
                "south": { "texture": "#2", "uv": [ 4.0, 0.0, 6.0, 20.0 ] },
                "west": { "texture": "#2", "uv": [ 0.0, 0.0, 2.0, 20.0 ] },
                "up": { "texture": "#2", "uv": [ 0.0, 0.0, 2.0, 2.0 ] },
                "down": { "texture": "#2", "uv": [ 0.0, 0.0, 2.0, 2.0 ] }
            }
        },
        {
            "name": "Cube",
            "from": [ 7.0, 28.0, 9.0 ], 
            "to": [ 9.0, 29.0, 10.0 ], 
            "rotation": { "origin": [ 8.0, 8.0, 8.0 ], "axis": "x", "angle": -22.5 },
            "faces": {
                "north": { "texture": "#2", "uv": [ 0.0, 0.0, 2.0, 20.0 ] },
                "east": { "texture": "#2", "uv": [ 0.0, 0.0, 2.0, 20.0 ] },
                "south": { "texture": "#2", "uv": [ 4.0, 0.0, 6.0, 20.0 ] },
                "west": { "texture": "#2", "uv": [ 0.0, 0.0, 2.0, 20.0 ] },
                "up": { "texture": "#2", "uv": [ 0.0, 0.0, 2.0, 2.0 ] },
                "down": { "texture": "#2", "uv": [ 0.0, 0.0, 2.0, 2.0 ] }
            }
        },
        {
            "name": "Cube",
            "from": [ 7.0, 28.0, 11.0 ], 
            "to": [ 9.0, 29.0, 12.0 ], 
            "rotation": { "origin": [ 8.0, 8.0, 8.0 ], "axis": "x", "angle": -22.5 },
            "faces": {
                "north": { "texture": "#2", "uv": [ 0.0, 0.0, 2.0, 20.0 ] },
                "east": { "texture": "#2", "uv": [ 0.0, 0.0, 2.0, 20.0 ] },
                "south": { "texture": "#2", "uv": [ 4.0, 0.0, 6.0, 20.0 ] },
                "west": { "texture": "#2", "uv": [ 0.0, 0.0, 2.0, 20.0 ] },
                "up": { "texture": "#2", "uv": [ 0.0, 0.0, 2.0, 2.0 ] },
                "down": { "texture": "#2", "uv": [ 0.0, 0.0, 2.0, 2.0 ] }
            }
        }
    ],
	"display": {
    "thirdperson": {
        "rotation": [ 240, 2, 358 ],
        "translation": [ -0.25, -0.75, -2.50 ],
        "scale": [ 1.00, 1.00, 1.00 ]
    },
    "firstperson": {
        "rotation": [ 0, 298, 0 ],
        "translation": [ 0.00, 0.00, 0.00 ],
        "scale": [ 1.00, 1.70, 1.44 ]
    },
    "gui": {
        "rotation": [ 0, 0, 0 ],
        "translation": [ 0.00, 0.00, 0.00 ],
        "scale": [ 1.00, 1.00, 1.00 ]
    },
    "head": {
        "rotation": [ 0, 0, 0 ],
        "translation": [ 0.00, 0.00, 0.00 ],
        "scale": [ 1.00, 1.00, 1.00 ]
    }
}
}


