{
	"credit": "Made with Blockbench",
	"textures": {
		"0": "blocks/log_oak",
		"1": "lootplusplus:blocks/paper",
		"3": "lootplusplus:blocks/ranbow_jem"
	},
	"elements": [
		{
			"name": "handle",
			"from": [7, -7, 7],
			"to": [9, 4, 9],
			"faces": {
				"north": {"uv": [0, 0, 2, 16], "texture": "#0"},
				"east": {"uv": [0, 0, 2, 16], "texture": "#0"},
				"south": {"uv": [4, 0, 6, 16], "texture": "#0"},
				"west": {"uv": [0, 0, 2, 16], "texture": "#0"},
				"up": {"uv": [0, 0, 2, 2], "texture": "#0"},
				"down": {"uv": [0, 0, 2, 2], "texture": "#0"}
			}
		},
		{
			"name": "gard",
			"from": [-3, 4.7, 7],
			"to": [4, 6.7, 9],
			"rotation": {"angle": -22.5, "axis": "z", "origin": [2, 5.7, 8]},
			"faces": {
				"north": {"uv": [3, 5, 5, 7], "texture": "#0"},
				"east": {"uv": [4, 12, 12, 14], "texture": "#0"},
				"south": {"uv": [2, 3, 4, 5], "texture": "#0"},
				"west": {"uv": [5, 7, 13, 9], "texture": "#0"},
				"up": {"uv": [0, 0, 2, 8], "texture": "#0"},
				"down": {"uv": [6, 8, 8, 16], "texture": "#0"}
			}
		},
		{
			"name": "gard",
			"from": [12, 6, 7],
			"to": [19, 8, 9],
			"rotation": {"angle": 22.5, "axis": "z", "origin": [17, 7, 8]},
			"faces": {
				"north": {"uv": [3, 5, 5, 7], "texture": "#0"},
				"east": {"uv": [4, 12, 12, 14], "texture": "#0"},
				"south": {"uv": [2, 3, 4, 5], "texture": "#0"},
				"west": {"uv": [5, 7, 13, 9], "texture": "#0"},
				"up": {"uv": [0, 0, 2, 8], "texture": "#0"},
				"down": {"uv": [6, 8, 8, 16], "texture": "#0"}
			}
		},
		{
			"name": "Jem",
			"from": [7, 5, 4],
			"to": [9, 7, 7],
			"faces": {
				"north": {"uv": [0, 0, 16, 16], "texture": "#3"},
				"east": {"uv": [0, 0, 16, 16], "texture": "#3"},
				"south": {"uv": [0, 0, 16, 16], "texture": "#3"},
				"west": {"uv": [0, 0, 16, 16], "texture": "#3"},
				"up": {"uv": [0, 0, 16, 16], "texture": "#3"},
				"down": {"uv": [0, 0, 16, 16], "texture": "#3"}
			}
		},
		{
			"name": "Jem",
			"from": [7, 5, 9],
			"to": [9, 7, 12],
			"faces": {
				"north": {"uv": [0, 0, 16, 16], "texture": "#3"},
				"east": {"uv": [0, 0, 16, 16], "texture": "#3"},
				"south": {"uv": [0, 0, 16, 16], "texture": "#3"},
				"west": {"uv": [0, 0, 16, 16], "texture": "#3"},
				"up": {"uv": [0, 0, 16, 16], "texture": "#3"},
				"down": {"uv": [0, 0, 16, 16], "texture": "#3"}
			}
		},
		{
			"name": "gard",
			"from": [9, 5, 9],
			"to": [10, 7, 11],
			"faces": {
				"north": {"uv": [3, 5, 5, 7], "texture": "#0"},
				"east": {"uv": [4, 12, 12, 14], "texture": "#0"},
				"south": {"uv": [2, 3, 4, 5], "texture": "#0"},
				"west": {"uv": [5, 7, 13, 9], "texture": "#0"},
				"up": {"uv": [0, 0, 2, 8], "texture": "#0"},
				"down": {"uv": [6, 8, 8, 16], "texture": "#0"}
			}
		},
		{
			"name": "gard",
			"from": [6, 5, 9],
			"to": [7, 7, 11],
			"faces": {
				"north": {"uv": [3, 5, 5, 7], "texture": "#0"},
				"east": {"uv": [4, 12, 12, 14], "texture": "#0"},
				"south": {"uv": [2, 3, 4, 5], "texture": "#0"},
				"west": {"uv": [5, 7, 13, 9], "texture": "#0"},
				"up": {"uv": [0, 0, 2, 8], "texture": "#0"},
				"down": {"uv": [6, 8, 8, 16], "texture": "#0"}
			}
		},
		{
			"name": "gard",
			"from": [6, 7, 9],
			"to": [10, 8, 11],
			"faces": {
				"north": {"uv": [3, 5, 5, 7], "texture": "#0"},
				"east": {"uv": [4, 12, 12, 14], "texture": "#0"},
				"south": {"uv": [2, 3, 4, 5], "texture": "#0"},
				"west": {"uv": [5, 7, 13, 9], "texture": "#0"},
				"up": {"uv": [0, 0, 2, 8], "texture": "#0"},
				"down": {"uv": [6, 8, 8, 16], "texture": "#0"}
			}
		},
		{
			"name": "gard",
			"from": [6, 4, 9],
			"to": [10, 5, 11],
			"faces": {
				"north": {"uv": [3, 5, 5, 7], "texture": "#0"},
				"east": {"uv": [4, 12, 12, 14], "texture": "#0"},
				"south": {"uv": [2, 3, 4, 5], "texture": "#0"},
				"west": {"uv": [5, 7, 13, 9], "texture": "#0"},
				"up": {"uv": [0, 0, 2, 8], "texture": "#0"},
				"down": {"uv": [6, 8, 8, 16], "texture": "#0"}
			}
		},
		{
			"name": "gard",
			"from": [3, 4, 7],
			"to": [13, 6, 9],
			"faces": {
				"north": {"uv": [3, 5, 5, 7], "texture": "#0"},
				"east": {"uv": [4, 12, 12, 14], "texture": "#0"},
				"south": {"uv": [2, 3, 4, 5], "texture": "#0"},
				"west": {"uv": [5, 7, 13, 9], "texture": "#0"},
				"up": {"uv": [0, 0, 2, 8], "texture": "#0"},
				"down": {"uv": [6, 8, 8, 16], "texture": "#0"}
			}
		},
		{
			"name": "Cubesword",
			"from": [10, 6, 7],
			"to": [11, 23, 9],
			"faces": {
				"north": {"uv": [0, 0, 1, 16], "texture": "#1"},
				"east": {"uv": [0, 0, 2, 16], "texture": "#1"},
				"south": {"uv": [0, 0, 1, 16], "texture": "#1"},
				"west": {"uv": [0, 0, 2, 16], "texture": "#1"},
				"up": {"uv": [0, 3, 1, 5], "texture": "#1"},
				"down": {"uv": [0, 3, 1, 5], "texture": "#1"}
			}
		},
		{
			"name": "Cubesword",
			"from": [5, 6, 7],
			"to": [6, 23, 9],
			"faces": {
				"north": {"uv": [0, 0, 1, 16], "texture": "#1"},
				"east": {"uv": [0, 0, 2, 16], "texture": "#1"},
				"south": {"uv": [0, 0, 1, 16], "texture": "#1"},
				"west": {"uv": [0, 0, 2, 16], "texture": "#1"},
				"up": {"uv": [0, 3, 1, 5], "texture": "#1"},
				"down": {"uv": [0, 3, 1, 5], "texture": "#1"}
			}
		},
		{
			"name": "Cubesword",
			"from": [6, 6, 6.5],
			"to": [7, 24, 9.5],
			"faces": {
				"north": {"uv": [0, 0, 1, 16], "texture": "#1"},
				"east": {"uv": [0, 0, 3, 16], "texture": "#1"},
				"south": {"uv": [0, 0, 1, 16], "texture": "#1"},
				"west": {"uv": [0, 0, 3, 16], "texture": "#1"},
				"up": {"uv": [0, 3, 1, 6], "texture": "#1"},
				"down": {"uv": [0, 3, 1, 6], "texture": "#1"}
			}
		},
		{
			"name": "Cubesword",
			"from": [9, 6, 6.5],
			"to": [10, 24, 9.5],
			"faces": {
				"north": {"uv": [0, 0, 1, 16], "texture": "#1"},
				"east": {"uv": [0, 0, 3, 16], "texture": "#1"},
				"south": {"uv": [0, 0, 1, 16], "texture": "#1"},
				"west": {"uv": [0, 0, 3, 16], "texture": "#1"},
				"up": {"uv": [0, 3, 1, 6], "texture": "#1"},
				"down": {"uv": [0, 3, 1, 6], "texture": "#1"}
			}
		},
		{
			"name": "Cubesword",
			"from": [4.5, 23, 7],
			"to": [8.5, 24, 9],
			"rotation": {"angle": 22.5, "axis": "z", "origin": [6.5, 24, 8]},
			"faces": {
				"north": {"uv": [0, 3, 4, 4], "texture": "#1"},
				"east": {"uv": [0, 3, 2, 4], "texture": "#1"},
				"south": {"uv": [0, 3, 4, 4], "texture": "#1"},
				"west": {"uv": [0, 3, 2, 4], "texture": "#1"},
				"up": {"uv": [0, 3, 4, 5], "texture": "#1"},
				"down": {"uv": [0, 3, 4, 5], "texture": "#1"}
			}
		},
		{
			"name": "Cubesword",
			"from": [7.5, 23, 7],
			"to": [11.5, 24, 9],
			"rotation": {"angle": -22.5, "axis": "z", "origin": [9.5, 24, 8]},
			"faces": {
				"north": {"uv": [0, 3, 4, 4], "texture": "#1"},
				"east": {"uv": [0, 3, 2, 4], "texture": "#1"},
				"south": {"uv": [0, 3, 4, 4], "texture": "#1"},
				"west": {"uv": [0, 3, 2, 4], "texture": "#1"},
				"up": {"uv": [0, 3, 4, 5], "texture": "#1"},
				"down": {"uv": [0, 3, 4, 5], "texture": "#1"}
			}
		},
		{
			"name": "Cubesword",
			"from": [7, 5, 6],
			"to": [9, 24, 10],
			"faces": {
				"north": {"uv": [0, 0, 2, 16], "texture": "#1"},
				"east": {"uv": [0, 0, 4, 16], "texture": "#1"},
				"south": {"uv": [0, 0, 2, 16], "texture": "#1"},
				"west": {"uv": [0, 0, 4, 16], "texture": "#1"},
				"up": {"uv": [0, 3, 2, 7], "texture": "#1"},
				"down": {"uv": [0, 3, 2, 7], "texture": "#1"}
			}
		},
		{
			"name": "gard",
			"from": [6, 5, 5],
			"to": [7, 7, 7],
			"faces": {
				"north": {"uv": [3, 5, 5, 7], "texture": "#0"},
				"east": {"uv": [4, 12, 12, 14], "texture": "#0"},
				"south": {"uv": [2, 3, 4, 5], "texture": "#0"},
				"west": {"uv": [5, 7, 13, 9], "texture": "#0"},
				"up": {"uv": [0, 0, 2, 8], "texture": "#0"},
				"down": {"uv": [6, 8, 8, 16], "texture": "#0"}
			}
		},
		{
			"name": "gard",
			"from": [6, 7, 5],
			"to": [10, 8, 7],
			"faces": {
				"north": {"uv": [3, 5, 5, 7], "texture": "#0"},
				"east": {"uv": [4, 12, 12, 14], "texture": "#0"},
				"south": {"uv": [2, 3, 4, 5], "texture": "#0"},
				"west": {"uv": [5, 7, 13, 9], "texture": "#0"},
				"up": {"uv": [0, 0, 2, 8], "texture": "#0"},
				"down": {"uv": [6, 8, 8, 16], "texture": "#0"}
			}
		},
		{
			"name": "gard",
			"from": [9, 5, 5],
			"to": [10, 7, 7],
			"faces": {
				"north": {"uv": [3, 5, 5, 7], "texture": "#0"},
				"east": {"uv": [4, 12, 12, 14], "texture": "#0"},
				"south": {"uv": [2, 3, 4, 5], "texture": "#0"},
				"west": {"uv": [5, 7, 13, 9], "texture": "#0"},
				"up": {"uv": [0, 0, 2, 8], "texture": "#0"},
				"down": {"uv": [6, 8, 8, 16], "texture": "#0"}
			}
		},
		{
			"name": "gard",
			"from": [6, 4, 5],
			"to": [10, 5, 7],
			"faces": {
				"north": {"uv": [3, 5, 5, 7], "texture": "#0"},
				"east": {"uv": [4, 12, 12, 14], "texture": "#0"},
				"south": {"uv": [2, 3, 4, 5], "texture": "#0"},
				"west": {"uv": [5, 7, 13, 9], "texture": "#0"},
				"up": {"uv": [0, 0, 2, 8], "texture": "#0"},
				"down": {"uv": [6, 8, 8, 16], "texture": "#0"}
			}
		}
	],
	"display": {
		"thirdperson": {
			"rotation": [-180, 90, -90],
			"translation": [0, 0.5, -5],
                "scale": [0.5, 1, 0.5]
		},
		"firstperson": {
			"rotation": [0, 50, 0],
			"translation": [0, 4, 0],
			"scale": [0.5, 1, 0.5]
		}
	},
	"groups": [0, 1, 2, 3, 4, 5, 6, 7, 8, 9,
		{
			"name": "group",
			"isOpen": true,
			"shade": true,
			"display": {
				"visibility": true,
				"autouv": true
			},
			"children": [10, 11, 12, 13, 14, 15, 16]
		}, 17, 18, 19, 20]
}
