{
	"credit": "Made with Blockbench",
	"textures": {
		"0": "lootplusplus:blocks/wood",
		"1": "lootplusplus:blocks/google_photos",
		"2": "blocks/door_iron_lower",
		"3": "blocks/anvil_top_damaged_2",
		"particle": "lootplusplus:blocks/wood"
	},
	"elements": [
		{
			"from": [7, 0, 7],
			"to": [8, 12, 8],
			"faces": {
				"north": {"uv": [0, 0, 1, 12], "texture": "#0"},
				"east": {"uv": [0, 0, 1, 12], "texture": "#0"},
				"south": {"uv": [0, 0, 1, 12], "texture": "#0"},
				"west": {"uv": [0, 0, 1, 12], "texture": "#0"},
				"up": {"uv": [0, 0, 1, 12], "texture": "#0"},
				"down": {"uv": [0, 0, 1, 12], "texture": "#0"}
			}
		},
		{
			"from": [2, 12, 5],
			"to": [13, 17, 10],
			"faces": {
				"north": {"uv": [0, 0, 5, 4], "texture": "#2"},
				"east": {"uv": [0, 0, 5, 4], "texture": "#2"},
				"south": {"uv": [0, 0, 5, 4], "texture": "#2"},
				"west": {"uv": [0, 0, 5, 4], "texture": "#2"},
				"up": {"uv": [0, 0, 5, 4], "texture": "#2"},
				"down": {"uv": [0, 0, 5, 4], "texture": "#2"}
			}
		},
		{
			"from": [6, 13, 10],
			"to": [9, 16, 11],
			"faces": {
				"north": {"uv": [5, 7, 8, 13], "texture": "#3"},
				"east": {"uv": [5, 7, 8, 13], "texture": "#3"},
				"south": {"uv": [5, 7, 8, 13], "texture": "#3"},
				"west": {"uv": [5, 7, 8, 13], "texture": "#3"},
				"up": {"uv": [5, 7, 8, 13], "texture": "#3"},
				"down": {"uv": [5, 7, 8, 13], "texture": "#3"}
			}
		},
		{
			"from": [7, 13, 4],
			"to": [8, 14, 5],
			"faces": {
				"north": {"uv": [5, 7, 8, 13], "texture": "#3"},
				"east": {"uv": [5, 7, 8, 13], "texture": "#3"},
				"south": {"uv": [5, 7, 8, 13], "texture": "#3"},
				"west": {"uv": [5, 7, 8, 13], "texture": "#3"},
				"up": {"uv": [5, 7, 8, 13], "texture": "#3"},
				"down": {"uv": [5, 7, 8, 13], "texture": "#3"}
			}
		},
		{
			"from": [7, 15, 4],
			"to": [8, 16, 5],
			"faces": {
				"north": {"uv": [5, 7, 8, 13], "texture": "#3"},
				"east": {"uv": [5, 7, 8, 13], "texture": "#3"},
				"south": {"uv": [5, 7, 8, 13], "texture": "#3"},
				"west": {"uv": [5, 7, 8, 13], "texture": "#3"},
				"up": {"uv": [5, 7, 8, 13], "texture": "#3"},
				"down": {"uv": [5, 7, 8, 13], "texture": "#3"}
			}
		},
		{
			"from": [6, 13, 4],
			"to": [7, 16, 5],
			"faces": {
				"north": {"uv": [5, 7, 8, 13], "texture": "#3"},
				"east": {"uv": [5, 7, 8, 13], "texture": "#3"},
				"south": {"uv": [5, 7, 8, 13], "texture": "#3"},
				"west": {"uv": [5, 7, 8, 13], "texture": "#3"},
				"up": {"uv": [5, 7, 8, 13], "texture": "#3"},
				"down": {"uv": [5, 7, 8, 13], "texture": "#3"}
			}
		},
		{
			"from": [8, 13, 4],
			"to": [9, 16, 5],
			"faces": {
				"north": {"uv": [5, 7, 8, 13], "texture": "#3"},
				"east": {"uv": [5, 7, 8, 13], "texture": "#3"},
				"south": {"uv": [5, 7, 8, 13], "texture": "#3"},
				"west": {"uv": [5, 7, 8, 13], "texture": "#3"},
				"up": {"uv": [5, 7, 8, 13], "texture": "#3"},
				"down": {"uv": [5, 7, 8, 13], "texture": "#3"}
			}
		},
		{
			"from": [7, 14, 11],
			"to": [8, 15, 12],
			"faces": {
				"north": {"uv": [0, 0, 1, 1], "texture": "#1"},
				"east": {"uv": [0, 0, 1, 1], "texture": "#1"},
				"south": {"uv": [0, 0, 1, 1], "texture": "#1"},
				"west": {"uv": [0, 0, 1, 1], "texture": "#1"},
				"up": {"uv": [0, 0, 1, 1], "texture": "#1"},
				"down": {"uv": [0, 0, 1, 1], "texture": "#1"}
			}
		},
		{
			"from": [7, 14, 3],
			"to": [8, 15, 4],
			"faces": {
				"north": {"uv": [0, 0, 1, 1], "texture": "#1"},
				"east": {"uv": [0, 0, 1, 1], "texture": "#1"},
				"south": {"uv": [0, 0, 1, 1], "texture": "#1"},
				"west": {"uv": [0, 0, 1, 1], "texture": "#1"},
				"up": {"uv": [0, 0, 1, 1], "texture": "#1"},
				"down": {"uv": [0, 0, 1, 1], "texture": "#1"}
			}
		}
	],
	"display": {
		"thirdperson": {
			"rotation": [-180, 90, -90],
			"translation": [-0.5, 1, -2],
                "scale": [1.5, 1.5, 1.5]
		},
		"firstperson": {
			"rotation": [0, 50, 0],
			"translation": [0, 4, 0]
		}
	},
	"groups": [0, 1,
		{
			"name": "group",
			"isOpen": true,
			"shade": true,
			"display": {
				"visibility": true,
				"autouv": true
			},
			"children": []
		},
		{
			"name": "group",
			"isOpen": true,
			"shade": true,
			"display": {
				"visibility": true,
				"autouv": true
			},
			"children": [2, 3, 4, 5, 6]
		},
		{
			"name": "group",
			"isOpen": true,
			"shade": true,
			"display": {
				"visibility": true,
				"autouv": true
			},
			"children": [7, 8, 9, 10, 11]
		},
		{
			"name": "group",
			"isOpen": true,
			"shade": true,
			"display": {
				"visibility": true,
				"autouv": true
			},
			"children": [12, 13, 14, 15, 16, 17]
		},
		{
			"name": "group",
			"shade": true,
			"display": {
				"visibility": true,
				"autouv": true
			},
			"children": [18, 19, 20, 21, 22, 23]
		}
	]
}




