{
	"credit": "Made with Blockbench",
	"textures": {
		"2": "blocks/anvil_base",
		"3": "lootplusplus:blocks/ranbow_jem",
		"4": "blocks/anvil_top_damaged_2",
		"7": "blocks/door_iron_lower",
		"8": "blocks/quartz_block_lines",
		"particle": "blocks/anvil_base"
	},
	"elements": [
		{
			"name": "handle",
			"from": [7, -7, 7],
			"to": [9, 18, 9],
			"faces": {
				"north": {"uv": [0, 0, 16, 16], "texture": "#8"},
				"east": {"uv": [0, 0, 16, 16], "texture": "#8"},
				"south": {"uv": [0, 0, 16, 16], "texture": "#8"},
				"west": {"uv": [0, 0, 16, 16], "texture": "#8"},
				"up": {"uv": [0, 0, 16, 16], "texture": "#8"},
				"down": {"uv": [0, 0, 16, 16], "texture": "#8"}
			}
		},
		{
			"name": "gard",
			"from": [17, 15, 1],
			"to": [21, 30, 16],
			"faces": {
				"north": {"uv": [0, 0, 16, 16], "texture": "#2"},
				"east": {"uv": [0, 0, 16, 16], "texture": "#2"},
				"south": {"uv": [0, 0, 16, 16], "texture": "#2"},
				"west": {"uv": [0, 0, 16, 16], "texture": "#2"},
				"up": {"uv": [0, 0, 16, 16], "texture": "#2"},
				"down": {"uv": [0, 0, 16, 16], "texture": "#2"}
			}
		},
		{
			"name": "gard",
			"from": [-6, 15, 1],
			"to": [-2, 30, 16],
			"faces": {
				"north": {"uv": [0, 0, 16, 16], "texture": "#2"},
				"east": {"uv": [0, 0, 16, 16], "texture": "#2"},
				"south": {"uv": [0, 0, 16, 16], "texture": "#2"},
				"west": {"uv": [0, 0, 16, 16], "texture": "#2"},
				"up": {"uv": [0, 0, 16, 16], "texture": "#2"},
				"down": {"uv": [0, 0, 16, 16], "texture": "#2"}
			}
		},
		{
			"name": "gard",
			"from": [-2, 17, 3],
			"to": [18, 27, 13],
			"faces": {
				"north": {"uv": [1, 0, 16, 16], "texture": "#7"},
				"east": {"uv": [1, 0, 16, 16], "texture": "#7"},
				"south": {"uv": [1, 0, 16, 16], "texture": "#7"},
				"west": {"uv": [1, 0, 16, 16], "texture": "#7"},
				"up": {"uv": [1, 0, 16, 16], "texture": "#7"},
				"down": {"uv": [1, 0, 16, 16], "texture": "#7"}
			}
		},
		{
			"name": "gard",
			"from": [6, 24, 12],
			"to": [10, 26, 14],
			"faces": {
				"north": {"uv": [3, 0, 13, 16], "texture": "#4"},
				"east": {"uv": [3, 0, 13, 16], "texture": "#4"},
				"south": {"uv": [3, 0, 13, 16], "texture": "#4"},
				"west": {"uv": [3, 0, 13, 16], "texture": "#4"},
				"up": {"uv": [3, 0, 13, 16], "texture": "#4"},
				"down": {"uv": [3, 0, 13, 16], "texture": "#4"}
			}
		},
		{
			"name": "gard",
			"from": [10, 18, 12],
			"to": [12, 26, 14],
			"faces": {
				"north": {"uv": [3, 0, 13, 16], "texture": "#4"},
				"east": {"uv": [3, 0, 13, 16], "texture": "#4"},
				"south": {"uv": [3, 0, 13, 16], "texture": "#4"},
				"west": {"uv": [3, 0, 13, 16], "texture": "#4"},
				"up": {"uv": [3, 0, 13, 16], "texture": "#4"},
				"down": {"uv": [3, 0, 13, 16], "texture": "#4"}
			}
		},
		{
			"name": "gard",
			"from": [4, 18, 12],
			"to": [6, 26, 14],
			"faces": {
				"north": {"uv": [3, 0, 13, 16], "texture": "#4"},
				"east": {"uv": [3, 0, 13, 16], "texture": "#4"},
				"south": {"uv": [3, 0, 13, 16], "texture": "#4"},
				"west": {"uv": [3, 0, 13, 16], "texture": "#4"},
				"up": {"uv": [3, 0, 13, 16], "texture": "#4"},
				"down": {"uv": [3, 0, 13, 16], "texture": "#4"}
			}
		},
		{
			"name": "gard",
			"from": [6, 18, 12],
			"to": [10, 20, 14],
			"faces": {
				"north": {"uv": [3, 0, 13, 16], "texture": "#4"},
				"east": {"uv": [3, 0, 13, 16], "texture": "#4"},
				"south": {"uv": [3, 0, 13, 16], "texture": "#4"},
				"west": {"uv": [3, 0, 13, 16], "texture": "#4"},
				"up": {"uv": [3, 0, 13, 16], "texture": "#4"},
				"down": {"uv": [3, 0, 13, 16], "texture": "#4"}
			}
		},
		{
			"name": "gard",
			"from": [6, 20, 12],
			"to": [10, 24, 15],
			"faces": {
				"north": {"uv": [0, 0, 16, 16], "texture": "#3"},
				"east": {"uv": [0, 0, 16, 16], "texture": "#3"},
				"south": {"uv": [0, 0, 16, 16], "texture": "#3"},
				"west": {"uv": [0, 0, 16, 16], "texture": "#3"},
				"up": {"uv": [0, 0, 16, 16], "texture": "#3"},
				"down": {"uv": [0, 0, 16, 16], "texture": "#3"}
			}
		},
		{
			"name": "gard",
			"from": [6, 24, 1],
			"to": [10, 26, 3],
			"faces": {
				"north": {"uv": [3, 0, 13, 16], "texture": "#4"},
				"east": {"uv": [3, 0, 13, 16], "texture": "#4"},
				"south": {"uv": [3, 0, 13, 16], "texture": "#4"},
				"west": {"uv": [3, 0, 13, 16], "texture": "#4"},
				"up": {"uv": [3, 0, 13, 16], "texture": "#4"},
				"down": {"uv": [3, 0, 13, 16], "texture": "#4"}
			}
		},
		{
			"name": "gard",
			"from": [10, 18, 1],
			"to": [12, 26, 3],
			"faces": {
				"north": {"uv": [3, 0, 13, 16], "texture": "#4"},
				"east": {"uv": [3, 0, 13, 16], "texture": "#4"},
				"south": {"uv": [3, 0, 13, 16], "texture": "#4"},
				"west": {"uv": [3, 0, 13, 16], "texture": "#4"},
				"up": {"uv": [3, 0, 13, 16], "texture": "#4"},
				"down": {"uv": [3, 0, 13, 16], "texture": "#4"}
			}
		},
		{
			"name": "gard",
			"from": [4, 18, 1],
			"to": [6, 26, 3],
			"faces": {
				"north": {"uv": [3, 0, 13, 16], "texture": "#4"},
				"east": {"uv": [3, 0, 13, 16], "texture": "#4"},
				"south": {"uv": [3, 0, 13, 16], "texture": "#4"},
				"west": {"uv": [3, 0, 13, 16], "texture": "#4"},
				"up": {"uv": [3, 0, 13, 16], "texture": "#4"},
				"down": {"uv": [3, 0, 13, 16], "texture": "#4"}
			}
		},
		{
			"name": "gard",
			"from": [6, 18, 1],
			"to": [10, 20, 3],
			"faces": {
				"north": {"uv": [3, 0, 13, 16], "texture": "#4"},
				"east": {"uv": [3, 0, 13, 16], "texture": "#4"},
				"south": {"uv": [3, 0, 13, 16], "texture": "#4"},
				"west": {"uv": [3, 0, 13, 16], "texture": "#4"},
				"up": {"uv": [3, 0, 13, 16], "texture": "#4"},
				"down": {"uv": [3, 0, 13, 16], "texture": "#4"}
			}
		},
		{
			"name": "gard",
			"from": [6, 20, 0],
			"to": [10, 24, 3],
			"faces": {
				"north": {"uv": [0, 0, 16, 16], "texture": "#3"},
				"east": {"uv": [0, 0, 16, 16], "texture": "#3"},
				"south": {"uv": [0, 0, 16, 16], "texture": "#3"},
				"west": {"uv": [0, 0, 16, 16], "texture": "#3"},
				"up": {"uv": [0, 0, 16, 16], "texture": "#3"},
				"down": {"uv": [0, 0, 16, 16], "texture": "#3"}
			}
		}
	],
	"display": {
		"thirdperson": {
			"rotation": [-180, 90, -90],
			"translation": [0, 0.5, -5],
			"scale": [1, 1, 1]
		},
		"firstperson": {
			"rotation": [0, 50, 0],
			"translation": [0, 4, 0],
			"scale": [1, 1, 1]
		}
	},
	"groups": [0, 1, 2, 3,
		{
			"name": "group",
			"isOpen": true,
			"shade": true,
			"display": {
				"visibility": true,
				"autouv": true
			},
			"children": []
		},
		{
			"name": "group",
			"isOpen": true,
			"shade": true,
			"display": {
				"visibility": true,
				"autouv": true
			},
			"children": [4, 5, 6, 7, 8]
		},
		{
			"name": "group",
			"isOpen": true,
			"shade": true,
			"display": {
				"visibility": true,
				"autouv": true
			},
			"children": [9, 10, 11, 12, 13]
		}
	]
}
