{
	"credit": "Made with Blockbench",
	"textures": {
		"0": "lootplusplus:blocks/wood",
		"1": "lootplusplus:blocks/windows_10",
		"particle": "lootplusplus:blocks/wood"
	},
	"elements": [
		{
			"from": [7, 0, 7],
			"to": [8, 12, 8],
			"faces": {
				"north": {"uv": [0, 0, 1, 12], "texture": "#0"},
				"east": {"uv": [0, 0, 1, 12], "texture": "#0"},
				"south": {"uv": [0, 0, 1, 12], "texture": "#0"},
				"west": {"uv": [0, 0, 1, 12], "texture": "#0"},
				"up": {"uv": [0, 0, 1, 12], "texture": "#0"},
				"down": {"uv": [0, 0, 1, 12], "texture": "#0"}
			}
		},
		{
			"from": [5, 12, 5],
			"to": [10, 16, 10],
			"faces": {
				"north": {"uv": [0, 0, 5, 4], "texture": "#1"},
				"east": {"uv": [0, 0, 5, 4], "texture": "#1"},
				"south": {"uv": [0, 0, 5, 4], "texture": "#1"},
				"west": {"uv": [0, 0, 5, 4], "texture": "#1"},
				"up": {"uv": [0, 0, 5, 4], "texture": "#1"},
				"down": {"uv": [0, 0, 5, 4], "texture": "#1"}
			}
		}
	],
	"display": {
		"thirdperson": {
			"rotation": [-180, 90, -90],
			"translation": [0, 1, -2],
			"scale": [0.5, 0.5, 0.5]
		},
		"firstperson": {
			"rotation": [0, 50, 0],
			"translation": [0, 4, 0],
			"scale": [1, 1, 1]
		}
	},
	"groups": [0, 1, 2, 3,
		{
			"name": "group",
			"isOpen": true,
			"shade": true,
			"display": {
				"visibility": true,
				"autouv": true
			},
			"children": []
		},
		{
			"name": "group",
			"isOpen": true,
			"shade": true,
			"display": {
				"visibility": true,
				"autouv": true
			},
			"children": [4, 5, 6, 7, 8]
		},
		{
			"name": "group",
			"isOpen": true,
			"shade": true,
			"display": {
				"visibility": true,
				"autouv": true
			},
			"children": [9, 10, 11, 12, 13]
		}
	]
}


