{
    "textures": {
        "wool": "blocks/wool_colored_white"
    },
    "display": {
        "thirdperson": {
            "rotation": [ 200, 0, 2 ],
            "translation": [ 2, -14, -5 ],
            "scale": [ 4, 4, 4 ]
        },
        "firstperson": {
            "rotation": [ 0, -50, 0 ],
            "translation": [ -15, 16, 0 ],
            "scale": [ 4, 4, 4 ]
        }
    },
    "elements": [
		{   
			"from": [ 0, 13, 5 ],
            "to": [ 16, 16, 11 ],
            "faces": {
				"up":   { "uv": [ 0, 5, 16, 11 ], "texture": "#wool" },
                "north":   { "uv": [ 0, 13, 16, 16 ], "texture": "#wool" },
                "south":   { "uv": [ 0, 13, 16, 16 ], "texture": "#wool" }
			}
        },
        {
        	"from": [ 0, 3, 5 ],
            "to": [ 0.1, 13, 5.1 ],
            "rotation": {
                "origin": [ 0, 13, 5 ],
                "axis": "z",
                "angle": 45,
                "rescale": false
            },
            "faces": {
                "down":  { "uv": [ 0, 0, 1, 1 ], "texture": "#wool" },
				"up":    { "uv": [ 0, 0, 1, 1 ], "texture": "#wool" },
                "east":  { "uv": [ 0, 0, 1, 16 ], "texture": "#wool" },
                "west":  { "uv": [ 0, 0, 1, 16 ], "texture": "#wool" },
                "north": { "uv": [ 0, 0, 1, 16 ], "texture": "#wool" },
                "south": { "uv": [ 0, 0, 1, 16 ], "texture": "#wool" }
			}
        },
        {
        	"from": [ 0, 3, 10.9 ],
            "to": [ 0.1, 13, 11 ],
            "rotation": {
                "origin": [ 0, 13, 11 ],
                "axis": "z",
                "angle": 45,
                "rescale": false
            },
            "faces": {
                "down":  { "uv": [ 0, 0, 1, 1 ], "texture": "#wool" },
				"up":    { "uv": [ 0, 0, 1, 1 ], "texture": "#wool" },
                "east":  { "uv": [ 0, 0, 1, 16 ], "texture": "#wool" },
                "west":  { "uv": [ 0, 0, 1, 16 ], "texture": "#wool" },
                "north": { "uv": [ 0, 0, 1, 16 ], "texture": "#wool" },
                "south": { "uv": [ 0, 0, 1, 16 ], "texture": "#wool" }
			}
        },
        {
        	"from": [ 15.9, 3, 5 ],
            "to": [ 16, 13, 5.1 ],
            "rotation": {
                "origin": [ 16, 13, 5 ],
                "axis": "z",
                "angle": -45,
                "rescale": false
            },
            "faces": {
                "down":  { "uv": [ 0, 0, 1, 1 ], "texture": "#wool" },
				"up":    { "uv": [ 0, 0, 1, 1 ], "texture": "#wool" },
                "east":  { "uv": [ 0, 0, 1, 16 ], "texture": "#wool" },
                "west":  { "uv": [ 0, 0, 1, 16 ], "texture": "#wool" },
                "north": { "uv": [ 0, 0, 1, 16 ], "texture": "#wool" },
                "south": { "uv": [ 0, 0, 1, 16 ], "texture": "#wool" }
			}
        },
        {
        	"from": [ 15.9, 3, 10.9 ],
            "to": [ 16, 13, 11 ],
            "rotation": {
                "origin": [ 16, 13, 11 ],
                "axis": "z",
                "angle": -45,
                "rescale": false
            },
            "faces": {
                "down":  { "uv": [ 0, 0, 1, 1 ], "texture": "#wool" },
				"up":    { "uv": [ 0, 0, 1, 1 ], "texture": "#wool" },
                "east":  { "uv": [ 0, 0, 1, 16 ], "texture": "#wool" },
                "west":  { "uv": [ 0, 0, 1, 16 ], "texture": "#wool" },
                "north": { "uv": [ 0, 0, 1, 16 ], "texture": "#wool" },
                "south": { "uv": [ 0, 0, 1, 16 ], "texture": "#wool" }
			}
        },
        {
        	"from": [ 8.9, 2, 10.9 ],
            "to": [ 9, 6, 11 ],
            "rotation": {
                "origin": [ 9, 6, 11 ],
                "axis": "x",
                "angle": 45,
                "rescale": false
            },
            "faces": {
                "down":  { "uv": [ 0, 0, 1, 1 ], "texture": "#wool" },
				"up":    { "uv": [ 0, 0, 1, 1 ], "texture": "#wool" },
                "east":  { "uv": [ 0, 0, 1, 16 ], "texture": "#wool" },
                "west":  { "uv": [ 0, 0, 1, 16 ], "texture": "#wool" },
                "north": { "uv": [ 0, 0, 1, 16 ], "texture": "#wool" },
                "south": { "uv": [ 0, 0, 1, 16 ], "texture": "#wool" }
			}
        },
        {
        	"from": [ 8.9, 2, 5 ],
            "to": [ 9, 6, 5.1 ],
            "rotation": {
                "origin": [ 9, 6, 5 ],
                "axis": "x",
                "angle": -45,
                "rescale": false
            },
            "faces": {
                "down":  { "uv": [ 0, 0, 1, 1 ], "texture": "#wool" },
				"up":    { "uv": [ 0, 0, 1, 1 ], "texture": "#wool" },
                "east":  { "uv": [ 0, 0, 1, 16 ], "texture": "#wool" },
                "west":  { "uv": [ 0, 0, 1, 16 ], "texture": "#wool" },
                "north": { "uv": [ 0, 0, 1, 16 ], "texture": "#wool" },
                "south": { "uv": [ 0, 0, 1, 16 ], "texture": "#wool" }
			}
        },
        {
        	"from": [ 7, 2, 10.9 ],
            "to": [ 7.1, 6, 11 ],
            "rotation": {
                "origin": [ 7, 6, 11 ],
                "axis": "x",
                "angle": 45,
                "rescale": false
            },
            "faces": {
                "down":  { "uv": [ 0, 0, 1, 1 ], "texture": "#wool" },
				"up":    { "uv": [ 0, 0, 1, 1 ], "texture": "#wool" },
                "east":  { "uv": [ 0, 0, 1, 16 ], "texture": "#wool" },
                "west":  { "uv": [ 0, 0, 1, 16 ], "texture": "#wool" },
                "north": { "uv": [ 0, 0, 1, 16 ], "texture": "#wool" },
                "south": { "uv": [ 0, 0, 1, 16 ], "texture": "#wool" }
			}
        },
        {
        	"from": [ 7, 2, 5 ],
            "to": [ 7.1, 6, 5.1 ],
            "rotation": {
                "origin": [ 7, 6, 5 ],
                "axis": "x",
                "angle": -45,
                "rescale": false
            },
            "faces": {
                "down":  { "uv": [ 0, 0, 1, 1 ], "texture": "#wool" },
				"up":    { "uv": [ 0, 0, 1, 1 ], "texture": "#wool" },
                "east":  { "uv": [ 0, 0, 1, 16 ], "texture": "#wool" },
                "west":  { "uv": [ 0, 0, 1, 16 ], "texture": "#wool" },
                "north": { "uv": [ 0, 0, 1, 16 ], "texture": "#wool" },
                "south": { "uv": [ 0, 0, 1, 16 ], "texture": "#wool" }
			}
        }
    ]
}
