{
    "variants": {
        "bites=0": { "model": "lootplusplus:curseforge_cake_uneaten" },
        "bites=1": { "model": "lootplusplus:curseforge_cake_slice1" },
        "bites=2": { "model": "lootplusplus:curseforge_cake_slice2" },
        "bites=3": { "model": "lootplusplus:curseforge_cake_slice3" },
        "bites=4": { "model": "lootplusplus:curseforge_cake_slice4" },
        "bites=5": { "model": "lootplusplus:curseforge_cake_slice5" },
        "bites=6": { "model": "lootplusplus:curseforge_cake_slice6" }
    }
}
