{
    "variants": {
        "active=false,facing=north": { "model": "lootplusplus:paper_furnace_off" },
        "active=false,facing=south": { "model": "lootplusplus:paper_furnace_off", "y": 180 },
        "active=false,facing=west":  { "model": "lootplusplus:paper_furnace_off", "y": 270 },
        "active=false,facing=east":  { "model": "lootplusplus:paper_furnace_off", "y": 90 },
		"active=true,facing=north": { "model": "lootplusplus:paper_furnace_on" },
        "active=true,facing=south": { "model": "lootplusplus:paper_furnace_on", "y": 180 },
        "active=true,facing=west":  { "model": "lootplusplus:paper_furnace_on", "y": 270 },
        "active=true,facing=east":  { "model": "lootplusplus:paper_furnace_on", "y": 90 }
    }
}

