﻿{
	"credit": "Made with Blockbench",
	"textures": {
		"0": "lootplusplus:blocks/code",
		"1": "lootplusplus:blocks/strawberry",
		"3": "lootplusplus:blocks/Milk",
		"particle": "lootplusplus:blocks/code"
	},
	"elements": [
		{
			"from": [5, 0, 1],
			"to": [15, 8, 15],
			"faces": {
				"north": {"uv": [0, 0, 12, 3], "texture": "#0"},
				"east": {"uv": [1, 3.875, 13, 6.875], "texture": "#0"},
				"south": {"uv": [0, 0.125, 12, 3.125], "texture": "#0"},
				"west": {"uv": [0.9375, 0.34375, 12.9375, 3.34375], "texture": "#0"},
				"up": {"uv": [1, 0, 13, 12], "texture": "#0"},
				"down": {"uv": [0, 0, 12, 12], "texture": "#0"}
			}
		},
		{
			"from": [5, 8, 5],
			"to": [6, 9, 6],
			"faces": {
				"north": {"uv": [0, 0, 1, 1], "texture": "#1"},
				"east": {"uv": [0, 0, 1, 1], "texture": "#1"},
				"south": {"uv": [0, 0, 1, 1], "texture": "#1"},
				"west": {"uv": [0, 0, 1, 1], "texture": "#1"},
				"up": {"uv": [0, 0, 1, 1], "texture": "#1"},
				"down": {"uv": [0, 0, 1, 1], "texture": "#1"}
			}
		},
		{
			"from": [11, 8, 4],
			"to": [12, 9, 5],
			"rotation": {"angle": 0, "axis": "y", "origin": [11.5, 8.5, 4.5]},
			"faces": {
				"north": {"uv": [0, 0, 1, 1], "texture": "#1"},
				"east": {"uv": [0, 0, 1, 1], "texture": "#1"},
				"south": {"uv": [0, 0, 1, 1], "texture": "#1"},
				"west": {"uv": [0, 0, 1, 1], "texture": "#1"},
				"up": {"uv": [0, 0, 1, 1], "texture": "#1"},
				"down": {"uv": [0, 0, 1, 1], "texture": "#1"}
			}
		},
		{
			"from": [5, 8, 10],
			"to": [6, 9, 11],
			"rotation": {"angle": 0, "axis": "y", "origin": [5.5, 8.5, 10.5]},
			"faces": {
				"north": {"uv": [0, 0, 1, 1], "texture": "#1"},
				"east": {"uv": [0, 0, 1, 1], "texture": "#1"},
				"south": {"uv": [0, 0, 1, 1], "texture": "#1"},
				"west": {"uv": [0, 0, 1, 1], "texture": "#1"},
				"up": {"uv": [0, 0, 1, 1], "texture": "#1"},
				"down": {"uv": [0, 0, 1, 1], "texture": "#1"}
			}
		},
		{
			"from": [10, 8, 5],
			"to": [11, 9, 6],
			"rotation": {"angle": 0, "axis": "y", "origin": [10.5, 8.5, 5.5]},
			"faces": {
				"north": {"uv": [0, 0, 1, 1], "texture": "#1"},
				"east": {"uv": [0, 0, 1, 1], "texture": "#1"},
				"south": {"uv": [0, 0, 1, 1], "texture": "#1"},
				"west": {"uv": [0, 0, 1, 1], "texture": "#1"},
				"up": {"uv": [0, 0, 1, 1], "texture": "#1"},
				"down": {"uv": [0, 0, 1, 1], "texture": "#1"}
			}
		},
		{
			"from": [14, 8, 1],
			"to": [15, 9, 2],
			"rotation": {"angle": 0, "axis": "y", "origin": [14.5, 8.5, 1.5]},
			"faces": {
				"north": {"uv": [0, 0, 1, 1], "texture": "#1"},
				"east": {"uv": [0, 0, 1, 1], "texture": "#1"},
				"south": {"uv": [0, 0, 1, 1], "texture": "#1"},
				"west": {"uv": [0, 0, 1, 1], "texture": "#1"},
				"up": {"uv": [2.11484, 2.60313, 4.22578, 3.49375], "texture": "#1"},
				"down": {"uv": [0, 0, 1, 1], "texture": "#1"}
			}
		},
		{
			"from": [13, 8, 2],
			"to": [14, 9, 3],
			"rotation": {"angle": 0, "axis": "y", "origin": [13.5, 8.5, 2.5]},
			"faces": {
				"north": {"uv": [0, 0, 1, 1], "texture": "#1"},
				"east": {"uv": [0, 0, 1, 1], "texture": "#1"},
				"south": {"uv": [0, 0, 1, 1], "texture": "#1"},
				"west": {"uv": [0, 0, 1, 1], "texture": "#1"},
				"up": {"uv": [2.11484, 2.60313, 4.22578, 3.49375], "texture": "#1"},
				"down": {"uv": [0, 0, 1, 1], "texture": "#1"}
			}
		},
		{
			"from": [12, 8, 3],
			"to": [13, 9, 4],
			"rotation": {"angle": 0, "axis": "y", "origin": [12.5, 8.5, 3.5]},
			"faces": {
				"north": {"uv": [0, 0, 1, 1], "texture": "#1"},
				"east": {"uv": [0, 0, 1, 1], "texture": "#1"},
				"south": {"uv": [0, 0, 1, 1], "texture": "#1"},
				"west": {"uv": [0, 0, 1, 1], "texture": "#1"},
				"up": {"uv": [2.11484, 2.60313, 4.22578, 3.49375], "texture": "#1"},
				"down": {"uv": [0, 0, 1, 1], "texture": "#1"}
			}
		},
		{
			"from": [11, 8, 11],
			"to": [12, 9, 12],
			"rotation": {"angle": 0, "axis": "y", "origin": [11.5, 8.5, 11.5]},
			"faces": {
				"north": {"uv": [0, 0, 1, 1], "texture": "#1"},
				"east": {"uv": [0, 0, 1, 1], "texture": "#1"},
				"south": {"uv": [0, 0, 1, 1], "texture": "#1"},
				"west": {"uv": [0, 0, 1, 1], "texture": "#1"},
				"up": {"uv": [0, 0, 1, 1], "texture": "#1"},
				"down": {"uv": [0, 0, 1, 1], "texture": "#1"}
			}
		},
		{
			"from": [14, 8, 14],
			"to": [15, 9, 15],
			"rotation": {"angle": 0, "axis": "y", "origin": [14.5, 8.5, 14.5]},
			"faces": {
				"north": {"uv": [0, 0, 1, 1], "texture": "#1"},
				"east": {"uv": [0, 0, 1, 1], "texture": "#1"},
				"south": {"uv": [0, 0, 1, 1], "texture": "#1"},
				"west": {"uv": [0, 0, 1, 1], "texture": "#1"},
				"up": {"uv": [0, 0, 1, 1], "texture": "#1"},
				"down": {"uv": [0, 0, 1, 1], "texture": "#1"}
			}
		},
		{
			"from": [13, 8, 13],
			"to": [14, 9, 14],
			"rotation": {"angle": 0, "axis": "y", "origin": [13.5, 8.5, 13.5]},
			"faces": {
				"north": {"uv": [0, 0, 1, 1], "texture": "#1"},
				"east": {"uv": [0, 0, 1, 1], "texture": "#1"},
				"south": {"uv": [0, 0, 1, 1], "texture": "#1"},
				"west": {"uv": [0, 0, 1, 1], "texture": "#1"},
				"up": {"uv": [0, 0, 1, 1], "texture": "#1"},
				"down": {"uv": [0, 0, 1, 1], "texture": "#1"}
			}
		},
		{
			"from": [12, 8, 12],
			"to": [13, 9, 13],
			"rotation": {"angle": 0, "axis": "y", "origin": [12.5, 8.5, 12.5]},
			"faces": {
				"north": {"uv": [0, 0, 1, 1], "texture": "#1"},
				"east": {"uv": [0, 0, 1, 1], "texture": "#1"},
				"south": {"uv": [0, 0, 1, 1], "texture": "#1"},
				"west": {"uv": [0, 0, 1, 1], "texture": "#1"},
				"up": {"uv": [0, 0, 1, 1], "texture": "#1"},
				"down": {"uv": [0, 0, 1, 1], "texture": "#1"}
			}
		},
		{
			"from": [10, 8, 10],
			"to": [11, 9, 11],
			"rotation": {"angle": 0, "axis": "y", "origin": [10.5, 8.5, 10.5]},
			"faces": {
				"north": {"uv": [0, 0, 1, 1], "texture": "#1"},
				"east": {"uv": [0, 0, 1, 1], "texture": "#1"},
				"south": {"uv": [0, 0, 1, 1], "texture": "#1"},
				"west": {"uv": [0, 0, 1, 1], "texture": "#1"},
				"up": {"uv": [0, 0, 1, 1], "texture": "#1"},
				"down": {"uv": [0, 0, 1, 1], "texture": "#1"}
			}
		},
		{
			"from": [6, 8, 6],
			"to": [10, 9, 10],
			"faces": {
				"north": {"uv": [0, 0, 4, 4], "texture": "#3"},
				"east": {"uv": [0, 0, 4, 4], "texture": "#3"},
				"south": {"uv": [0, 0, 4, 4], "texture": "#3"},
				"west": {"uv": [0, 0, 4, 4], "texture": "#3"},
				"up": {"uv": [0, 0, 4, 4], "texture": "#3"},
				"down": {"uv": [0, 0, 4, 4], "texture": "#3"}
			}
		},
		{
			"from": [7, 9, 7],
			"to": [9, 10, 9],
			"faces": {
				"north": {"uv": [0, 0, 2, 2], "texture": "#1"},
				"east": {"uv": [0, 0, 2, 2], "texture": "#1"},
				"south": {"uv": [0, 0, 2, 2], "texture": "#1"},
				"west": {"uv": [0, 0, 2, 2], "texture": "#1"},
				"up": {"uv": [0, 0, 2, 2], "texture": "#1"},
				"down": {"uv": [0, 0, 2, 2], "texture": "#1"}
			}
		}
	]
}