{
    "textures": {
        "particle": "lootplusplus:blocks/curseforge_cake_side",
        "bottom": "lootplusplus:blocks/program_cake_bottom",
        "top": "lootplusplus:blocks/curseforge_cake_top",
        "side": "lootplusplus:blocks/curseforge_cake_side"
    },
    "elements": [
        {   "from": [ 1, 0, 1 ],
            "to": [ 15, 8, 15 ],
            "faces": {
                "down":  { "uv": [ 1, 1, 15, 15 ], "texture": "#bottom", "cullface": "down" },
                "up":    { "uv": [ 1, 1, 15, 15 ], "texture": "#top" },
                "north": { "uv": [ 1, 8, 15, 16 ], "texture": "#side" },
                "south": { "uv": [ 1, 8, 15, 16 ], "texture": "#side" },
                "west":  { "uv": [ 1, 8, 15, 16 ], "texture": "#side" },
                "east":  { "uv": [ 1, 8, 15, 16 ], "texture": "#side" }
            }
        }
    ]
}
