{
    "__comment": "Model generated using MrCrayfish's Model Creator (http://mrcrayfish.com/modelcreator/)",
    "textures": {
        "0": "lootplusplus:blocks/curseforge_crafting_table_front",
        "1": "lootplusplus:blocks/curseforge_crafting_table_side",
        "2": "lootplusplus:blocks/curseforge_crafting_table_top"
    },
    "elements": [
        {
            "name": "Cube",
            "from": [ 1.0, 0.0, 1.0 ], 
            "to": [ 15.0, 14.0, 15.0 ], 
            "faces": {
                "north": { "texture": "#0", "uv": [ 0.0, 0.0, 16.0, 16.0 ] },
                "east": { "texture": "#0", "uv": [ 0.0, 0.0, 16.0, 16.0 ] },
                "south": { "texture": "#1", "uv": [ 0.0, 0.0, 16.0, 16.0 ] },
                "west": { "texture": "#1", "uv": [ 0.0, 0.0, 16.0, 16.0 ] },
                "up": { "texture": "#2", "uv": [ 0.0, 0.0, 16.0, 16.0 ] },
                "down": { "texture": "#1", "uv": [ 0.0, 0.0, 1.0, 1.0 ] }
            }
        },
        {
            "name": "Cube",
            "from": [ 0.0, 14.0, 0.0 ], 
            "to": [ 16.0, 16.0, 16.0 ], 
            "faces": {
                "north": { "texture": "#0", "uv": [ 0.0, 0.0, 1.0, 16.0 ] },
                "east": { "texture": "#0", "uv": [ 0.0, 0.0, 1.0, 15.0 ] },
                "south": { "texture": "#1", "uv": [ 0.0, 0.0, 1.0, 15.0 ] },
                "west": { "texture": "#1", "uv": [ 0.0, 0.0, 1.0, 15.0 ] },
                "up": { "texture": "#2", "uv": [ 0.0, 0.0, 16.0, 16.0 ] },
                "down": { "texture": "#2", "uv": [ 0.0, 0.0, 2.0, 1.0 ] }
            }
        },
        {
            "name": "Cube",
            "from": [ 0.0, 0.0, 0.0 ], 
            "to": [ 16.0, 2.0, 16.0 ], 
            "faces": {
                "north": { "texture": "#0", "uv": [ 0.0, 0.0, 1.0, 16.0 ] },
                "east": { "texture": "#0", "uv": [ 0.0, 0.0, 1.0, 15.0 ] },
                "south": { "texture": "#1", "uv": [ 0.0, 0.0, 1.0, 15.0 ] },
                "west": { "texture": "#1", "uv": [ 0.0, 0.0, 1.0, 15.0 ] },
                "up": { "texture": "#2", "uv": [ 0.0, 0.0, 1.0, 16.0 ] },
                "down": { "texture": "#2", "uv": [ 0.0, 0.0, 2.0, 1.0 ] }
            }
        }
    ]
}
