﻿{
	"credit": "Made with Blockbench",
	"textures": {
		"0": "lootplusplus:blocks/Jen",
		"particle": "lootplusplus:blocks/Jen"
	},
	"elements": [
		{
			"from": [4, 0, 9],
			"to": [12, 2, 11],
			"rotation": {"angle": 0, "axis": "z", "origin": [10, 2, 11]},
			"faces": {
				"north": {"uv": [0, 5, 1, 8], "texture": "#0", "rotation": 270},
				"east": {"uv": [1, 4, 2, 5], "texture": "#0", "rotation": 90},
				"south": {"uv": [2, 5, 3, 8], "texture": "#0", "rotation": 90},
				"west": {"uv": [2, 4, 3, 5], "texture": "#0", "rotation": 90},
				"up": {"uv": [1, 5, 2, 8], "texture": "#0", "rotation": 90},
				"down": {"uv": [3, 5, 4, 8], "texture": "#0", "rotation": 90}
			}
		},
		{
			"from": [4, 0, 5],
			"to": [12, 2, 7],
			"rotation": {"angle": 0, "axis": "z", "origin": [10, 2, 7]},
			"faces": {
				"north": {"uv": [4, 13, 5, 16], "texture": "#0", "rotation": 270},
				"east": {"uv": [1, 4, 2, 5], "texture": "#0", "rotation": 90},
				"south": {"uv": [4, 13, 5, 16], "texture": "#0", "rotation": 90},
				"west": {"uv": [2, 4, 3, 5], "texture": "#0", "rotation": 90},
				"up": {"uv": [5, 13, 6, 16], "texture": "#0", "rotation": 90},
				"down": {"uv": [7, 13, 8, 16], "texture": "#0", "rotation": 90}
			}
		},
		{
			"from": [10, 2, 3],
			"to": [12, 10, 5],
			"faces": {
				"north": {"uv": [10, 5, 11, 8], "texture": "#0"},
				"east": {"uv": [13, 5, 14, 8], "texture": "#0"},
				"south": {"uv": [10, 5, 11, 8], "texture": "#0"},
				"west": {"uv": [11, 5, 12, 8], "texture": "#0"},
				"up": {"uv": [11, 4, 12, 5], "texture": "#0"},
				"down": {"uv": [12, 4, 13, 5], "texture": "#0"}
			}
		},
		{
			"from": [10, 2, 11],
			"to": [12, 10, 13],
			"faces": {
				"north": {"uv": [0, 0, 4, 12], "texture": "#0"},
				"east": {"uv": [11, 13, 12, 16], "texture": "#0"},
				"south": {"uv": [10, 13, 11, 16], "texture": "#0"},
				"west": {"uv": [9, 13, 10, 16], "texture": "#0"},
				"up": {"uv": [9, 12, 10, 13], "texture": "#0"},
				"down": {"uv": [10, 12, 11, 13], "texture": "#0"}
			}
		},
		{
			"from": [10, 2, 5],
			"to": [12, 10, 11],
			"faces": {
				"north": {"uv": [0, 0, 0, 0], "texture": "#0"},
				"east": {"uv": [8, 5, 10, 8], "texture": "#0"},
				"west": {"uv": [5, 5, 7, 8], "texture": "#0"},
				"up": {"uv": [0, 0, 4, 12], "texture": "#0"},
				"down": {"uv": [7, 4, 9, 5], "texture": "#0"}
			}
		},
		{
			"from": [8, 10, 5],
			"to": [14, 16, 11],
			"faces": {
				"north": {"uv": [8, 2, 10, 4], "texture": "#0"},
				"east": {"uv": [14, 2, 16, 4], "texture": "#0"},
				"south": {"uv": [12, 2, 13.75, 4], "texture": "#0"},
				"west": {"uv": [10, 2, 12, 4], "texture": "#0"},
				"up": {"uv": [10, 0, 12, 2], "texture": "#0"},
				"down": {"uv": [12.75, 0, 14.75, 2], "texture": "#0"}
			}
		},
		{
			"from": [8, 10, 5],
			"to": [14, 16, 11],
			"faces": {
				"north": {"uv": [0, 2, 2, 4], "texture": "#0"},
				"east": {"uv": [6, 2, 8, 4], "texture": "#0"},
				"south": {"uv": [4, 2, 6, 4], "texture": "#0"},
				"west": {"uv": [2, 2, 4, 4], "texture": "#0"},
				"up": {"uv": [2, 0, 4, 2], "texture": "#0"},
				"down": {"uv": [4, 0, 6, 2], "texture": "#0"}
			}
		}
	],
	"groups": [
		{
			"name": "group",
			"isOpen": true,
			"shade": true,
			"display": {
				"visibility": true,
				"autouv": true
			},
			"children": [0, 1, 2, 3, 4, 5, 6]
		}
	]
}