{
    "textures": {
        "0": "lootplusplus:items/plural.chcannonbody",
        "1": "lootplusplus:items/plural.chcannonattach"
    },
    "display": {
        "thirdperson": {
            "rotation": [ 89, -180, 0 ],
            "translation": [ -1.4, 5.4, -15 ],
            "scale": [ 4, 4, 4 ]
        },
        "firstperson": {
            "rotation": [ 15, -30, 0 ],
            "translation": [ 0, 15, 1 ],
            "scale": [ 4, 4, 4 ]
        }
    },
    "elements": [
        {
            "name": "Cube",
            "from": [ 7.25, 0.0, 10.2 ], 
            "to": [ 7.75, 1.0, 10.7 ], 
            "faces": {
                "north": { "texture": "#0", "uv": [ 0.0, 0.0, 0.5, 1.0 ] },
                "east": { "texture": "#0", "uv": [ 0.0, 0.0, 0.5, 1.0 ] },
                "south": { "texture": "#0", "uv": [ 0.0, 0.0, 0.5, 1.0 ] },
                "west": { "texture": "#0", "uv": [ 0.0, 0.0, 0.5, 1.0 ] },
                "up": { "texture": "#0", "uv": [ 0.0, 0.0, 0.5, 0.5 ] },
                "down": { "texture": "#0", "uv": [ 0.0, 0.0, 0.5, 0.5 ] }
            }
        },
        {
            "name": "Cube",
            "from": [ 6.7, 1.0, 2.0 ], 
            "to": [ 8.2, 2.5, 13.0 ], 
            "faces": {
                "north": { "texture": "#1", "uv": [ 0.0, 0.0, 1.5, 1.5 ] },
                "east": { "texture": "#0", "uv": [ 0.0, 0.0, 11.0, 1.5 ] },
                "south": { "texture": "#1", "uv": [ 0.0, 0.0, -31.5, 2.5 ] },
                "west": { "texture": "#0", "uv": [ 0.0, 0.0, 11.0, 1.5 ] },
                "up": { "texture": "#0", "uv": [ 0.0, 0.0, 1.5, 11.0 ] },
                "down": { "texture": "#0", "uv": [ 0.0, 0.0, 1.5, 11.0 ] }
            }
        },
        {
            "name": "Cube",
            "from": [ 6.7, 1.0, 1.0 ], 
            "to": [ 8.2, 1.3, 2.0 ], 
            "faces": {
                "north": { "texture": "#0", "uv": [ 0.0, 0.0, 1.5, 0.3 ] },
                "east": { "texture": "#0", "uv": [ 0.0, 0.0, 1.0, 0.3 ] },
                "south": { "texture": "#0", "uv": [ 0.0, 0.0, 1.5, 0.3 ] },
                "west": { "texture": "#0", "uv": [ 0.0, 0.0, 1.0, 0.3 ] },
                "up": { "texture": "#0", "uv": [ 0.0, 0.0, 1.5, 1.0 ] },
                "down": { "texture": "#0", "uv": [ 0.0, 0.0, 1.5, 1.0 ] }
            }
        },
        {
            "name": "Cube",
            "from": [ 6.7, 2.2, 1.0 ], 
            "to": [ 8.2, 2.5, 2.0 ], 
            "faces": {
                "north": { "texture": "#0", "uv": [ 0.0, 0.0, 1.5, 0.3 ] },
                "east": { "texture": "#0", "uv": [ 0.0, 0.0, 1.0, 0.3 ] },
                "south": { "texture": "#0", "uv": [ 0.0, 0.0, 1.5, 0.3 ] },
                "west": { "texture": "#0", "uv": [ 0.0, 0.0, 1.0, 0.3 ] },
                "up": { "texture": "#0", "uv": [ 0.0, 0.0, 1.5, 1.0 ] },
                "down": { "texture": "#0", "uv": [ 0.0, 0.0, 1.5, 1.0 ] }
            }
        },
        {
            "name": "Cube",
            "from": [ 6.7, 1.2000000000000002, 1.0 ], 
            "to": [ 7.0, 2.5, 2.0 ], 
            "faces": {
                "north": { "texture": "#0", "uv": [ 0.0, 0.0, 0.3, 1.3 ] },
                "east": { "texture": "#0", "uv": [ 0.0, 0.0, 1.0, 1.3 ] },
                "south": { "texture": "#0", "uv": [ 0.0, 0.0, 0.3, 1.3 ] },
                "west": { "texture": "#0", "uv": [ 0.0, 0.0, 1.0, 1.3 ] },
                "up": { "texture": "#0", "uv": [ 0.0, 0.0, 0.3, 1.0 ] },
                "down": { "texture": "#0", "uv": [ 0.0, 0.0, 0.3, 1.0 ] }
            }
        },
        {
            "name": "Cube",
            "from": [ 7.9, 1.2000000000000002, 1.0 ], 
            "to": [ 8.200000000000001, 2.5, 2.0 ], 
            "faces": {
                "north": { "texture": "#0", "uv": [ 0.0, 0.0, 0.3, 1.3 ] },
                "east": { "texture": "#0", "uv": [ 0.0, 0.0, 1.0, 1.3 ] },
                "south": { "texture": "#0", "uv": [ 0.0, 0.0, 0.3, 1.3 ] },
                "west": { "texture": "#0", "uv": [ 0.0, 0.0, 1.0, 1.3 ] },
                "up": { "texture": "#0", "uv": [ 0.0, 0.0, 0.3, 1.0 ] },
                "down": { "texture": "#0", "uv": [ 0.0, 0.0, 0.3, 1.0 ] }
            }
        },
        {
            "name": "Cube",
            "from": [ 6.7, 1.0, 13.0 ], 
            "to": [ 8.2, 1.3, 13.5 ], 
            "faces": {
                "north": { "texture": "#0", "uv": [ 0.0, 0.0, 1.5, 0.30000000000000004 ] },
                "east": { "texture": "#0", "uv": [ 0.0, 0.0, 0.5, 0.30000000000000004 ] },
                "south": { "texture": "#0", "uv": [ 0.0, 0.0, 1.5, 0.30000000000000004 ] },
                "west": { "texture": "#0", "uv": [ 0.0, 0.0, 0.5, 0.30000000000000004 ] },
                "up": { "texture": "#0", "uv": [ 0.0, 0.0, 1.5, 0.5 ] },
                "down": { "texture": "#0", "uv": [ 0.0, 0.0, 1.5, 0.5 ] }
            }
        },
        {
            "name": "Cube",
            "from": [ 6.7, 2.2, 13.0 ], 
            "to": [ 8.2, 2.5, 13.5 ], 
            "faces": {
                "north": { "texture": "#0", "uv": [ 0.0, 0.0, 1.5, 0.3 ] },
                "east": { "texture": "#0", "uv": [ 0.0, 0.0, 0.5, 0.3 ] },
                "south": { "texture": "#0", "uv": [ 0.0, 0.0, 1.5, 0.3 ] },
                "west": { "texture": "#0", "uv": [ 0.0, 0.0, 0.5, 0.3 ] },
                "up": { "texture": "#0", "uv": [ 0.0, 0.0, 1.5, 0.5 ] },
                "down": { "texture": "#0", "uv": [ 0.0, 0.0, 1.5, 0.5 ] }
            }
        },
        {
            "name": "Cube",
            "from": [ 6.7, 1.2000000000000002, 13.0 ], 
            "to": [ 7.0, 2.5, 13.5 ], 
            "faces": {
                "north": { "texture": "#0", "uv": [ 0.0, 0.0, 0.3, 1.3 ] },
                "east": { "texture": "#0", "uv": [ 0.0, 0.0, 0.5, 1.3 ] },
                "south": { "texture": "#0", "uv": [ 0.0, 0.0, 0.3, 1.3 ] },
                "west": { "texture": "#0", "uv": [ 0.0, 0.0, 0.5, 1.3 ] },
                "up": { "texture": "#0", "uv": [ 0.0, 0.0, 0.3, 0.5 ] },
                "down": { "texture": "#0", "uv": [ 0.0, 0.0, 0.3, 0.5 ] }
            }
        },
        {
            "name": "Cube",
            "from": [ 7.9, 1.2000000000000002, 13.0 ], 
            "to": [ 8.200000000000001, 2.5, 13.5 ], 
            "faces": {
                "north": { "texture": "#0", "uv": [ 0.0, 0.0, 0.3, 1.3 ] },
                "east": { "texture": "#0", "uv": [ 0.0, 0.0, 0.5, 1.3 ] },
                "south": { "texture": "#0", "uv": [ 0.0, 0.0, 0.3, 1.3 ] },
                "west": { "texture": "#0", "uv": [ 0.0, 0.0, 0.5, 1.3 ] },
                "up": { "texture": "#0", "uv": [ 0.0, 0.0, 0.3, 0.5 ] },
                "down": { "texture": "#0", "uv": [ 0.0, 0.0, 0.3, 0.5 ] }
            }
        },
        {
            "name": "Cube",
            "from": [ 12.5, 3.5, 1.0 ], 
            "to": [ 12.7, 3.7, 12.0 ], 
            "rotation": { "origin": [ 8.0, 8.0, 8.0 ], "axis": "z", "angle": -45.0 },
            "faces": {
                "north": { "texture": "#1", "uv": [ 0.0, 0.0, 0.2, 0.2 ] },
                "east": { "texture": "#1", "uv": [ 0.0, 0.0, 11.0, 0.2 ] },
                "south": { "texture": "#1", "uv": [ 0.0, 0.0, -31.5, 2.5 ] },
                "west": { "texture": "#1", "uv": [ 0.0, 0.0, 11.0, 0.2 ] },
                "up": { "texture": "#1", "uv": [ 0.0, 0.0, 0.2, 11.0 ] },
                "down": { "texture": "#1", "uv": [ 0.0, 0.0, 0.2, 11.0 ] }
            }
        },
        {
            "name": "Cube",
            "from": [ 11.5, 2.5, 1.0 ], 
            "to": [ 11.7, 2.7, 12.0 ], 
            "rotation": { "origin": [ 8.0, 8.0, 8.0 ], "axis": "z", "angle": -45.0 },
            "faces": {
                "north": { "texture": "#1", "uv": [ 0.0, 0.0, 0.2, 0.2 ] },
                "east": { "texture": "#1", "uv": [ 0.0, 0.0, 11.0, 0.2 ] },
                "south": { "texture": "#1", "uv": [ 0.0, 0.0, -31.5, 2.5 ] },
                "west": { "texture": "#1", "uv": [ 0.0, 0.0, 11.0, 0.2 ] },
                "up": { "texture": "#1", "uv": [ 0.0, 0.0, 0.2, 11.0 ] },
                "down": { "texture": "#1", "uv": [ 0.0, 0.0, 0.2, 11.0 ] }
            }
        },
        {
            "name": "Cube",
            "from": [ 12.4, 2.6, 1.0 ], 
            "to": [ 12.6, 2.8000000000000003, 4.0 ], 
            "rotation": { "origin": [ 8.0, 8.0, 8.0 ], "axis": "z", "angle": -45.0 },
            "faces": {
                "north": { "texture": "#1", "uv": [ 0.0, 0.0, 0.2, 0.2 ] },
                "east": { "texture": "#1", "uv": [ 0.0, 0.0, 3.0, 0.2 ] },
                "south": { "texture": "#1", "uv": [ 0.0, 0.0, -31.5, 2.5 ] },
                "west": { "texture": "#1", "uv": [ 0.0, 0.0, 3.0, 0.2 ] },
                "up": { "texture": "#1", "uv": [ 0.0, 0.0, 0.2, 3.0 ] },
                "down": { "texture": "#1", "uv": [ 0.0, 0.0, 0.2, 3.0 ] }
            }
        },
        {
            "name": "Cube",
            "from": [ 11.4, 3.6, 1.0 ], 
            "to": [ 11.6, 3.8000000000000003, 3.0 ], 
            "rotation": { "origin": [ 8.0, 8.0, 8.0 ], "axis": "z", "angle": -45.0 },
            "faces": {
                "north": { "texture": "#1", "uv": [ 0.0, 0.0, 0.2, 0.2 ] },
                "east": { "texture": "#1", "uv": [ 0.0, 0.0, 2.0, 0.2 ] },
                "south": { "texture": "#1", "uv": [ 0.0, 0.0, -31.5, 2.5 ] },
                "west": { "texture": "#1", "uv": [ 0.0, 0.0, 2.0, 0.2 ] },
                "up": { "texture": "#1", "uv": [ 0.0, 0.0, 0.2, 2.0 ] },
                "down": { "texture": "#1", "uv": [ 0.0, 0.0, 0.2, 2.0 ] }
            }
        },
        {
            "name": "Cube",
            "from": [ 7.35, 1.1, 9.0 ], 
            "to": [ 7.55, 1.6, 10.0 ], 
            "rotation": { "origin": [ 9.0, 8.0, 8.0 ], "axis": "x", "angle": -22.5 },
            "faces": {
                "north": { "texture": "#1", "uv": [ 0.0, 0.0, 0.19999999999999996, 0.5 ] },
                "east": { "texture": "#1", "uv": [ 0.0, 0.0, 1.0, 0.5 ] },
                "south": { "texture": "#1", "uv": [ 0.0, 0.0, -31.5, 2.5 ] },
                "west": { "texture": "#1", "uv": [ 0.0, 0.0, 1.0, 0.5 ] },
                "up": { "texture": "#1", "uv": [ 0.0, 0.0, 0.19999999999999996, 1.0 ] },
                "down": { "texture": "#1", "uv": [ 0.0, 0.0, 0.19999999999999996, 1.0 ] }
            }
        },
        {
            "name": "Cube",
            "from": [ 11.8, 2.0, 11.0 ], 
            "to": [ 12.200000000000001, 2.4, 13.0 ], 
            "rotation": { "origin": [ 8.0, 8.0, 8.0 ], "axis": "z", "angle": -45.0 },
            "faces": {
                "north": { "texture": "#1", "uv": [ 0.0, 0.0, 0.2, 0.2 ] },
                "east": { "texture": "#1", "uv": [ 0.0, 0.0, 4.0, 0.2 ] },
                "south": { "texture": "#1", "uv": [ 0.0, 0.0, -31.5, 2.5 ] },
                "west": { "texture": "#1", "uv": [ 0.0, 0.0, 4.0, 0.2 ] },
                "up": { "texture": "#1", "uv": [ 0.0, 0.0, 0.2, 4.0 ] },
                "down": { "texture": "#1", "uv": [ 0.0, 0.0, 0.2, 4.0 ] }
            }
        },
        {
            "name": "Cube",
            "from": [ 12.8, 3.0, 11.0 ], 
            "to": [ 13.200000000000001, 3.4, 13.0 ], 
            "rotation": { "origin": [ 8.0, 8.0, 8.0 ], "axis": "z", "angle": -45.0 },
            "faces": {
                "north": { "texture": "#1", "uv": [ 0.0, 0.0, 0.2, 0.2 ] },
                "east": { "texture": "#1", "uv": [ 0.0, 0.0, 4.0, 0.2 ] },
                "south": { "texture": "#1", "uv": [ 0.0, 0.0, -31.5, 2.5 ] },
                "west": { "texture": "#1", "uv": [ 0.0, 0.0, 4.0, 0.2 ] },
                "up": { "texture": "#1", "uv": [ 0.0, 0.0, 0.2, 4.0 ] },
                "down": { "texture": "#1", "uv": [ 0.0, 0.0, 0.2, 4.0 ] }
            }
        }
    ]
}